teamNum,matchNum,alliance,driveStation,startLocation,preload,mobility,autoPickups,autoCones,autoCubes,autoBalance,communityPickups,neutralPickups,singlePickups,doublePickups,teleopCones,teleopCubes,shuttle,teleopBalance,buddyClimb,driver,scoutName,comments,scoredT,scoredA,scoredCones,scoredCubes,totalPickups,scoredLowT,scoredMidT,scoredHightT,scoredLowA,scoredMidA,scoredHighA,scoredTCones,scoredTCubes,scoredACones,scoredACubes,scoredHighT,pointsT,pointsA,pointsTotal,ct
624,1,r,,2,cube,TRUE,NA,NA,5,dock,0,2,2,0,16,"5,17,14,11",FALSE,dock,FALSE,4,harold,tipped over at some point but got back up. arm a bit wobbly. arm extends quite a bit. ,5,2,2,5,7,1,4,0,1,0,0,1,4,1,1,0,14,3,17,25.8
1164,1,b,,3,NA,TRUE,NA,NA,NA,na,0,1,0,2,7,8,FALSE,engage,FALSE,2,Ha,"top-heavy, slow intake and score. arm moves very slowly. lowered charge station to help team climb on. ",2,2,2,2,4,2,0,0,0,0,0,1,1,1,1,0,4,0,4,65.8
3029,1,r,,1,NA,FALSE,NA,NA,NA,na,0,1,0,0,26,NA,FALSE,fail,FALSE,2,rengarajan,"very slow, didn't intake, ruined alliance's dock",2,2,2,2,4,0,0,0,0,0,0,1,1,1,1,1,5,6,11,64
3545,1,b,,1,NA,FALSE,NA,NA,NA,na,0,0,0,0,NA,NA,FALSE,na,FALSE,1,gabri,"no show, dq",2,2,2,2,4,0,0,0,0,0,0,1,1,1,1,0,0,0,0,67.5
2848,2,b,,2,cube,TRUE,NA,NA,8,na,0,1,0,1,NA,"8,25",FALSE,engage,FALSE,2,Ha,Sat around but still enabled most of match. Decent Charge station action. ,3,2,2,3,5,1,0,0,1,0,0,1,2,1,1,1,7,9,16,43.933
3847,2,r,,1,cube,TRUE,NA,NA,NA,na,0,3,2,1,"7,6","25,23,22,24,5",FALSE,engage,FALSE,5,rengarajan,"very fast and consistent, cube shooter, 1-2 second cone placement",7,2,3,6,9,3,0,0,0,0,0,2,5,1,1,4,26,24,50,18.143
1477,3,b,,2,cone,TRUE,NA,4,NA,engage,0,2,4,0,"4,6,9,7,3,1",NA,FALSE,engage,FALSE,4,Ha,"good manueverability. decent arm action,a little slow. prefers cones. picked up cube but did not score. charge station good",7,2,7,2,9,6,0,0,1,0,0,6,1,1,1,0,12,3,15,18.743
7119,3,r,,1,NA,FALSE,NA,NA,NA,na,0,0,0,0,NA,NA,FALSE,na,FALSE,3,perumandla,no show,2,2,2,2,4,0,0,0,0,0,0,1,1,1,1,0,0,0,0,67.5
8556,3,r,,1,cube,FALSE,NA,NA,NA,na,0,1,0,0,NA,24,FALSE,na,FALSE,2,harold,intake broke mid-match. it is a slow intake. robot tips often. there appear to be dangling wires on the robot. seemed like it had some potential to score mid or high cubes. they just rotated 90 degrees in auton. ,2,2,2,2,4,0,0,0,0,0,0,1,1,1,1,1,5,6,11,67.5
9054,3,b,,1,NA,TRUE,NA,NA,NA,na,0,0,0,0,NA,NA,TRUE,engage,FALSE,3,gabri,"no intake, just moved around attempting to move pieces",2,2,2,2,4,0,0,0,0,0,0,1,1,1,1,0,0,0,0,65.275
3676,4,b,,3,cube,TRUE,NA,NA,NA,na,0,0,1,0,NA,23,FALSE,na,FALSE,1,Ha,unable to intake anything. Human player struggled to dispense cones. BUmper dislocation. faulty auton possibly impeded alliance auton charge station. ,2,2,2,2,4,0,0,0,0,0,0,1,1,1,1,1,5,6,11,67.5
7125,4,r,,1,cube,FALSE,NA,NA,"26,27,24",fail,0,0,0,0,NA,"26,27,24",FALSE,fail,FALSE,2,harold,intake appeared to be broken. just soccer-balled the cubes to the low stations. rotated quite slowly for some reason. tried to double climb but ruined it. ,4,4,2,6,8,0,0,0,0,0,3,1,3,1,3,3,15,18,33,33.75
8088,4,b,,1,cone,FALSE,NA,1,NA,na,0,1,0,0,"1,19",20,FALSE,fail,FALSE,2,gabri,fell over on the charge station at the end. mainly pushed pieces into hybdrid nodes. made a cone on a high node in auton,3,2,3,2,5,1,0,0,1,0,0,2,1,1,1,2,12,15,27,37.733
5052,5,r,,1,cube,FALSE,NA,NA,26,na,0,2,0,0,NA,"26,5,25",FALSE,na,FALSE,3,harold,"the intake was a bit slow. it has a pretty cool turret-type rotating arm but it is pretty long, so the robot has to go a bit slow to avoid tipping. shut down mid-match. ",4,2,2,4,6,1,0,0,0,0,1,1,3,1,1,2,12,12,24,33.75
5503,5,r,,2,NA,FALSE,NA,NA,NA,na,0,1,2,0,NA,NA,TRUE,engage,FALSE,4,Ha,pancake bot. good teamwork. decent charge station action ,2,2,2,2,4,0,0,0,0,0,0,1,1,1,1,0,0,0,0,64.1
6800,5,b,,3,cone,TRUE,NA,27,NA,engage,1,3,1,0,"27,9,7,16","8,17,25",FALSE,engage,FALSE,2,Perumandla,slow intake and sometimes unable to intake from from substatoion if there are no pieces on the field knocked off a teamate from the charge station,7,2,5,4,9,3,2,0,0,0,1,4,3,1,1,2,22,12,34,17.571
8408,5,b,,2,cube,FALSE,NA,NA,NA,na,0,0,0,0,NA,NA,FALSE,na,FALSE,1,gabri,"missed preloaded cube, didnt do anything, just drove around",2,2,2,2,4,0,0,0,0,0,0,1,1,1,1,0,0,0,0,67.5
3735,6,r,,1,NA,FALSE,NA,NA,NA,na,0,0,0,0,NA,NA,FALSE,na,FALSE,3,harold,no show. ,2,2,2,2,4,0,0,0,0,0,0,1,1,1,1,0,0,0,0,67.5
3743,6,r,,2,NA,FALSE,NA,NA,NA,na,0,0,0,0,NA,NA,FALSE,na,FALSE,1,Ha,died. Pancake bot. ,2,2,2,2,4,0,0,0,0,0,0,1,1,1,1,0,0,0,0,67.5
4734,6,b,,1,cube,FALSE,NA,NA,20,na,0,2,0,1,NA,"20,11,2,17",FALSE,engage,FALSE,3,Perumandla,Slow intake and slow drive,5,2,2,5,7,1,2,0,0,0,1,1,4,1,1,1,13,6,19,25.8
2158,7,r,,1,cone,FALSE,NA,NA,NA,na,0,2,2,0,"9,7,4,6",8,FALSE,engage,FALSE,4,harold,intake seemed a bit difficult to control. scored high quite consistently. pretty good on climb. auton extended the arm but did nothing after for some reason. ,5,2,5,2,7,5,0,0,0,0,0,4,1,1,1,0,10,0,10,26.4
2950,7,r,,3,NA,FALSE,NA,NA,NA,na,0,0,0,0,NA,NA,FALSE,na,FALSE,1,Ha,"Attempted, but too unwieldy and slow to play any defense. was defended by a pancake bot. ",2,2,2,2,4,0,0,0,0,0,0,1,1,1,1,0,0,0,0,67.5
4295,7,b,,1,NA,FALSE,NA,NA,NA,engage,0,0,0,0,NA,NA,FALSE,engage,FALSE,1,novinski,"Didn't die but didn't do anything, just meandered, no attempts to intake, no auton",2,2,2,2,4,0,0,0,0,0,0,1,1,1,1,0,0,0,0,66.8
9054,7,b,,2,NA,TRUE,NA,NA,NA,na,0,0,0,0,NA,NA,FALSE,na,FALSE,2,gabri,"once again, didn't do anything because theres no intake",2,2,2,2,4,0,0,0,0,0,0,1,1,1,1,0,0,0,0,67.5
7119,8,r,,3,NA,FALSE,NA,NA,NA,na,0,1,0,0,NA,NA,FALSE,na,FALSE,2,Rengarajan,failed to intake,2,2,2,2,4,0,0,0,0,0,0,1,1,1,1,0,0,0,0,67.5
3847,1,b,,1,cube,TRUE,NA,NA,21,na,0,2,4,0,"18,16","21,22",FALSE,engage,FALSE,4,ha,"scores mid, but seems able to score high. overshot a cone. cube shooted, coneplacer. POssibly uses charge station to aim.",4,2,3,3,6,0,2,0,0,0,1,2,2,1,1,2,16,12,28,32.6
4734,2,b,,3,cube,FALSE,NA,NA,26,na,0,1,2,0,NA,"26,25,14,8",FALSE,fail,FALSE,2,ha,bad maneuverability. cube bot. slid off charge station. intake unreliable. ,5,2,2,5,7,1,1,0,0,0,1,1,4,1,1,2,15,12,27,27
7540,3,b,,3,cube,FALSE,NA,NA,NA,na,0,1,0,0,NA,27,FALSE,na,FALSE,2,ha,intake is extremely flimsy and unreliable and requires too much precision. knew to not go on charge station and mess up engage (Game awareness). ,2,2,2,2,4,0,0,0,0,0,0,1,1,1,1,1,5,6,11,67.5
6672,4,b,,3,cone,TRUE,NA,9,NA,na,1,4,0,0,"9,7,6,4","8,5,2",FALSE,engage,FALSE,5,ha,driver is good. Good speed. Needs a little more speed when placing cones.autobalance is good. ,7,2,5,4,9,7,0,0,1,0,0,4,3,1,1,0,14,3,17,19.043
3847,8,b,,1,cube,FALSE,NA,NA,"2,20",dock,0,3,2,0,"7,6,24,25","2,20",FALSE,engage,FALSE,4,harold,intake seemed to be malfunctioning for a little bit. climbs very well.,6,3,5,4,9,3,0,0,1,0,1,4,2,1,2,3,21,21,42,21.667
9311,9,b,,1,NA,FALSE,NA,NA,NA,na,1,2,0,0,19,21,FALSE,fail,FALSE,3,harold,had an elevator intake that could only really intake standing cones and cubes. the intake was a little wobbly. it was also slow as an elevator. could not climb very well. the tank drive made it VERY difficult.,2,2,2,2,4,0,0,0,0,0,0,1,1,1,1,2,10,12,22,59
3735,10,b,,1,NA,FALSE,NA,NA,NA,na,0,0,0,0,NA,NA,FALSE,na,FALSE,3,harold,no show,2,2,2,2,4,0,0,0,0,0,0,1,1,1,1,0,0,0,0,67.5
9289,11,b,,2,cube,FALSE,NA,NA,NA,na,0,0,0,0,NA,24,FALSE,fail,FALSE,1,Ha,"failed auton, unable to move most of the match. ",2,2,2,2,4,0,0,0,0,0,0,1,1,1,1,1,5,6,11,67.5
4734,12,b,,3,cube,FALSE,NA,NA,NA,na,0,2,0,0,27,"17,26",FALSE,engage,FALSE,3,gabri,"pretty slow, put cubes successfully with intake, only pushed cones in.",3,2,2,3,5,0,1,0,0,0,0,1,2,1,1,2,13,12,25,44.067
2881,13,b,,3,cone,TRUE,NA,9,NA,na,0,0,0,4,"9,7,6,18",8,FALSE,engage,FALSE,4,brittian,"great bot, intake is a little off",5,2,5,2,7,4,1,0,1,0,0,4,1,1,1,0,11,3,14,26.2
5866,1,b,,2,NA,FALSE,NA,NA,NA,na,0,1,0,1,NA,NA,FALSE,na,FALSE,1,cobleigh,dropped all things they intaked.,2,2,2,2,4,0,0,0,0,0,0,1,1,1,1,0,0,0,0,67.5
6180,2,b,,1,cone,TRUE,NA,NA,NA,na,0,0,0,1,NA,NA,FALSE,dock,FALSE,2,cobleigh,not partivularly fast. Not great at scoring,2,2,2,2,4,0,0,0,0,0,0,1,1,1,1,0,0,0,0,60
4610,3,b,,3,cube,TRUE,NA,NA,NA,na,0,3,0,2,NA,"8,5,2,11,14,26",FALSE,na,FALSE,3,cobleigh,works pretty efficiently. did not try to climb at all. hit into teamate robot once.,7,2,2,7,9,3,2,0,0,0,0,1,6,1,1,1,17,6,23,19.286
7091,4,b,,2,NA,FALSE,NA,NA,NA,na,0,0,0,0,NA,NA,FALSE,park,FALSE,1,cobleigh,no intake or shooter. had penalties for hitting robots in their community zone.,2,2,2,2,4,0,0,0,0,0,0,1,1,1,1,0,0,0,0,57.5
9311,5,b,,1,cube,FALSE,NA,NA,NA,na,0,2,0,0,NA,20,FALSE,fail,FALSE,1,cobleigh,very very slow. tipped over at the end while attempting to climb.,2,2,2,2,4,0,0,0,0,0,0,1,1,1,1,1,5,6,11,62.5
8769,6,b,,1,NA,FALSE,NA,NA,NA,na,0,0,0,0,NA,NA,FALSE,na,FALSE,3,brittian,no show,2,2,2,2,4,0,0,0,0,0,0,1,1,1,1,0,0,0,0,67.5
2789,9,b,,2,cube,FALSE,NA,NA,NA,na,0,0,0,0,NA,22,FALSE,fail,FALSE,1,cobleigh,very poor intake. not sure if they even had one.,2,2,2,2,4,0,0,0,0,0,0,1,1,1,1,1,5,6,11,57.5
8408,10,b,,2,NA,FALSE,NA,NA,NA,na,0,1,0,0,NA,"25,21,20,26",FALSE,park,FALSE,3,cobleigh,"not much of an intake, just slid cubes around. decently consistent low scrorer.",5,2,2,5,7,0,0,0,0,0,0,1,4,1,1,4,20,24,44,25
5503,11,b,,3,NA,FALSE,NA,NA,NA,na,0,0,0,0,24,25,FALSE,dock,FALSE,3,cobleigh,no intake. pretty speedy. pushed a cone and cube into bottom row.,2,2,2,2,4,0,0,0,0,0,0,1,1,1,1,2,10,12,22,60
8556,12,b,,1,NA,FALSE,NA,NA,NA,na,0,0,0,0,NA,NA,FALSE,na,FALSE,2,cobleigh,tried to play defense. not great at defense,2,2,2,2,4,0,0,0,0,0,0,1,1,1,1,0,0,0,0,67.5
3035,13,b,,1,cone,FALSE,NA,12,NA,na,0,0,0,0,12,NA,FALSE,na,FALSE,3,cobleigh,placed a cone in auton then died immediately.,2,2,2,2,4,0,1,0,0,1,0,1,1,1,1,0,3,4,7,67.5
9289,2,b,,2,NA,FALSE,NA,NA,NA,na,0,0,0,0,NA,NA,FALSE,na,FALSE,3,gabri,"didnt intake at all, no auton, very slow, just lollygagged",2,2,2,2,4,0,0,0,0,0,0,1,1,1,1,0,0,0,0,67.5
6377,6,b,,3,cube,TRUE,NA,27,NA,engage,0,0,0,0,27,NA,FALSE,na,FALSE,1,gabri,"tipped over at start, rendered incapable",2,2,2,2,4,0,0,0,0,0,1,1,1,1,1,1,5,6,11,67.5
3545,8,b,,3,NA,FALSE,NA,NA,NA,na,0,0,0,0,NA,NA,TRUE,na,FALSE,2,novinski,"was in the loading zone for the whole match, slow",2,2,2,2,4,0,0,0,0,0,0,1,1,1,1,0,0,0,0,67.5
8769,10,b,,3,NA,TRUE,NA,NA,NA,na,0,1,0,0,19,NA,TRUE,na,FALSE,2,gabri,"didnt balance, pushed pieces into hybdrid, moved during auton for mobility pts",2,2,2,2,4,0,0,0,0,0,0,1,1,1,1,1,5,6,11,67.5
6800,11,b,,1,cone,FALSE,NA,NA,NA,na,0,1,4,0,"19,1","2,20,21,11",FALSE,engage,FALSE,4,gabri,"driver couldnt manuever around defense much, red played good defense, very fast balance, no mobility?",6,2,3,5,8,2,1,0,0,0,0,2,4,1,1,3,22,18,40,22.083
624,12,b,,2,cube,FALSE,NA,NA,5,engage,0,4,2,0,NA,"5,2,11,25,8,24",FALSE,engage,FALSE,4,brittian,"solid bot, weird arm. ",7,2,2,7,9,3,1,0,1,0,0,1,6,1,1,2,19,15,34,18.571
2714,13,b,,2,cube,FALSE,NA,NA,5,engage,0,0,0,4,"6,3,4,13",5,FALSE,engage,FALSE,4,gabri,consistent with cones,5,2,5,2,7,4,1,0,1,0,0,4,1,1,1,0,11,3,14,26
6672,14,b,,2,cone,FALSE,NA,6,NA,engage,0,4,1,0,"6,4,3","24,5,2,20,25",FALSE,engage,FALSE,5,gabri,"defense stole our pieces, pretty accurate placement.",8,2,4,6,10,5,0,0,1,0,0,3,5,1,1,3,25,21,46,16.675
1164,15,b,,2,NA,FALSE,NA,NA,NA,engage,0,1,0,0,19,NA,FALSE,dock,FALSE,2,gabri,defense,2,2,2,2,4,0,0,0,0,0,0,1,1,1,1,1,5,6,11,67.5
3676,14,b,,1,cube,FALSE,NA,NA,NA,na,0,0,0,0,NA,NA,FALSE,fail,FALSE,2,brittian,broke :(,2,2,2,2,4,0,0,0,0,0,0,1,1,1,1,0,0,0,0,67.5
4610,15,b,,1,cube,TRUE,NA,NA,NA,na,0,1,1,1,NA,"2,14,17",FALSE,dock,FALSE,3,rengarajan,"started slow, grabber intake is inconsistent and difficult to use, failed engage because they tried to let an alliance member climb on and they messed up",4,2,2,4,6,1,2,0,0,0,0,1,3,1,1,0,8,0,8,27.575
2789,16,b,,2,NA,TRUE,NA,NA,NA,fail,0,0,0,0,NA,NA,FALSE,na,FALSE,1,rengarajan,"struggled to ever intake, let alone move",2,2,2,2,4,0,0,0,0,0,0,1,1,1,1,0,0,0,0,67.5
3735,14,b,,3,NA,FALSE,NA,NA,NA,na,0,0,0,0,NA,NA,FALSE,na,FALSE,1,cobleigh,did very little. not very impactful,2,2,2,2,4,0,0,0,0,0,0,1,1,1,1,0,0,0,0,67.5
9289,15,b,,3,cube,FALSE,NA,NA,NA,na,0,0,0,0,NA,27,FALSE,na,FALSE,1,cobleigh,did very little,2,2,2,2,4,0,0,0,0,0,0,1,1,1,1,1,5,6,11,67.5
7540,16,b,,3,NA,TRUE,NA,NA,NA,na,0,0,2,0,NA,"25,8",FALSE,engage,FALSE,2,cobleigh,"tried to climb with other root, other robot flipped.",3,2,2,3,5,1,0,0,0,0,0,1,2,1,1,1,7,6,13,41.667
3029,8,r,,1,cube,FALSE,NA,NA,NA,na,0,1,0,0,NA,19,FALSE,fail,FALSE,1,ha,"failed to climb, but did not slip off. did not play defense. push bot, but with stuff on top",2,2,2,2,4,0,0,0,0,0,0,1,1,1,1,1,5,6,11,57.85
8088,9,r,,1,cone,FALSE,NA,1,NA,na,0,3,0,1,"1,3,4,23",2,FALSE,fail,FALSE,3,ha,"slid off charge station, messed up by alliance partner. got stuck in corner for 10 secs. arm requires precision as does intake",5,2,5,2,7,4,0,0,1,0,0,4,1,1,1,1,13,9,22,25
7088,10,r,,3,NA,FALSE,NA,NA,NA,na,0,2,0,0,26,19,FALSE,fail,FALSE,2,Ha,not helped by alliance partner. did as much as they could with no intake. no defense,2,2,2,2,4,0,0,0,0,0,0,1,1,1,1,2,10,12,22,67.5
2950,11,r,,1,cone,FALSE,NA,NA,NA,na,0,0,0,0,27,NA,FALSE,na,FALSE,1,harold,"did not drive well. the intake seemed broken, so they tried soccer-balling it but that did not work. they tried to get past community in auton but did not quite do it. ",2,2,2,2,4,0,0,0,0,0,0,1,1,1,1,1,5,6,11,67.5
2158,12,r,,1,cone,FALSE,NA,NA,NA,na,0,2,2,0,"7,27,9,24",8,FALSE,na,FALSE,4,harold,"got their arm stuck during auton but fixed that in teleop. with cones,they can pretty much only intake them through the cone's square base, which is a bit slow. ",5,2,5,2,7,3,0,0,0,0,0,4,1,1,1,2,16,12,28,27
4295,13,r,,1,cube,TRUE,NA,NA,NA,na,0,0,0,0,NA,NA,FALSE,na,FALSE,3,harold,"kept going forward in auton until in the other team's community, partially went on their charge station and tipped over. ",2,2,2,2,4,0,0,0,0,0,0,1,1,1,1,0,0,0,0,67.5
9128,14,r,,2,cube,FALSE,NA,NA,5,fail,0,0,0,1,NA,"5,14",FALSE,na,FALSE,3,harold,"could intake cubes pretty well, but shut down mid-match.",3,2,2,3,5,1,1,0,1,0,0,1,2,1,1,0,5,3,8,45
6800,15,r,,1,cone,TRUE,NA,NA,NA,engage,2,2,4,0,"9,25,7,18,16,26","8,17",FALSE,engage,FALSE,5,harold,very good intake. very smooth and swift arm. clever auton that gets the mobility bonus and the charge station bonus.,8,2,7,3,10,3,3,0,0,0,0,6,2,1,1,2,25,12,37,16.25
6377,16,r,,3,cone,FALSE,1,21,19,na,0,1,5,0,"21,15,13,16,18","19,14,8",FALSE,na,FALSE,4,harold,mostly mid scorer. very good at intaking and scoring quickly and consistently. ,8,2,6,4,10,1,5,0,0,0,2,5,3,1,1,2,27,12,39,16.875
6672,2,r,,2,cone,TRUE,NA,22,NA,dock,1,1,3,0,"22,4,6","2,5,21",FALSE,engage,FALSE,5,harold,exceptional driving. outstanding intake. arm glitched a bit but that fixed intself. ,6,2,4,4,8,4,0,0,0,0,1,3,3,1,1,2,18,12,30,21.833
2789,4,r,,2,cube,TRUE,NA,NA,24,na,0,2,0,0,"23,25",24,FALSE,fail,FALSE,2,Perumandla,was able to dribble pieces into hybrid node but no intake and drove of the charge station at the end and very slow,3,2,3,2,5,0,0,0,0,0,1,2,1,1,1,3,15,18,33,40
5052,9,r,,2,NA,FALSE,NA,NA,NA,na,0,1,0,0,NA,5,FALSE,na,FALSE,1,novinski,"VERY long arm that is begging to get rammed into and broken, intake rrequire a lot of maneurvering, no auton",2,2,2,2,4,1,0,0,0,0,0,1,1,1,1,0,2,0,2,67.5
1164,10,r,,2,NA,FALSE,NA,NA,NA,engage,0,1,0,1,25,5,FALSE,na,FALSE,3,novinski,"goes over the charge station very well, kind of slow intake, didn't make their team lose points by insisting to try for a multi-engage",2,2,2,2,4,1,0,0,0,0,0,1,1,1,1,1,7,6,13,67.5
7125,11,r,,2,cube,FALSE,NA,NA,NA,na,0,0,0,0,24,23,FALSE,engage,FALSE,3,novinski,"no intake used, just pushed stuff in, Played meh defense after scoring two pieces, no auton",2,2,2,2,4,0,0,0,0,0,0,1,1,1,1,2,10,12,22,66.9
1477,13,r,,2,cube,FALSE,NA,4,NA,engage,1,3,3,0,"4,3,19,7","2,5,17,8",FALSE,engage,FALSE,4,novinski,"really fast cycles, sometimes drops intaked pieces, 1+ balance auton looks good",8,2,5,5,10,6,1,0,1,0,0,4,4,1,1,1,20,9,29,16.7
5866,14,r,,3,NA,FALSE,NA,NA,NA,na,0,1,0,0,NA,11,FALSE,na,FALSE,1,novinski,"SO very slow, and no driving to make up for it, also no auton",2,2,2,2,4,0,1,0,0,0,0,1,1,1,1,0,3,0,3,67.5
3545,15,r,,2,cube,FALSE,NA,NA,NA,na,0,1,0,0,27,NA,FALSE,na,FALSE,1,NOVINSKI,"didn't intake just tried and failed to soccerball bALLS IN, VERY SLOW AND CONFUSED",2,2,2,2,4,0,0,0,0,0,0,1,1,1,1,1,5,6,11,67.5
624,16,r,,2,cube,FALSE,NA,NA,5,engage,0,0,1,1,NA,"5,21,22,23",FALSE,engage,FALSE,5,novinski,"pretty good! great auton, great driver, he pushed a cube out of a double scored node then scored in another one with the cube he was holding to score a link",5,2,2,5,7,1,0,0,1,0,0,1,4,1,1,3,17,21,38,26.62
4610,8,r,,3,cube,TRUE,NA,NA,NA,na,0,0,0,0,NA,NA,FALSE,engage,FALSE,2,gabri,"didnt do anything during teleop, managed t o balance by the end",2,2,2,2,4,0,0,0,0,0,0,1,1,1,1,0,0,0,0,63.95
2848,9,r,,3,cube,TRUE,NA,NA,21,na,0,0,0,2,NA,"21,11,20",FALSE,fail,FALSE,4,brittian,intake was pretty buggy. only picked up cubes and did not score them very accurately. seemingly broke for a minute in the middle of the field but recovered,4,2,2,4,6,0,1,0,0,0,1,1,3,1,1,2,13,12,25,30
7540,12,r,,3,cone,TRUE,NA,27,NA,na,0,1,2,0,27,"26,25",FALSE,engage,FALSE,3,ha,decent robot. has some difficulty intaking. has arm but scores only low.,3,2,2,3,5,0,0,0,0,0,1,1,2,1,1,3,15,18,33,43.433
7119,14,r,,1,cube,FALSE,NA,NA,NA,na,0,1,0,0,NA,"19,24",FALSE,na,FALSE,1,Ha,pusher bot. Very slow.,3,2,2,3,5,0,0,0,0,0,0,1,2,1,1,2,10,12,22,45
5052,15,r,,3,cube,TRUE,NA,NA,NA,na,0,0,0,0,NA,NA,FALSE,engage,FALSE,3,Ha,"couldn't do much. tried defending, decent climber",2,2,2,2,4,0,0,0,0,0,0,1,1,1,1,0,0,0,0,59.5
4717,16,r,,1,NA,FALSE,NA,NA,NA,na,0,2,0,0,NA,24,FALSE,fail,FALSE,1,Ha,got on climb but fell off. no defense. push bot.,2,2,2,2,4,0,0,0,0,0,0,1,1,1,1,1,5,6,11,57.1
4734,17,r,,1,cone,FALSE,NA,20,NA,na,1,2,0,0,20,"19,21",FALSE,engage,FALSE,3,ha,decent bot. should be able to hit higher node but elevation mechanism seems to be broken. good charge station action.,3,2,2,3,5,0,0,0,0,0,1,1,2,1,1,3,15,18,33,43.367
2881,18,r,,2,cone,FALSE,NA,4,NA,na,0,0,0,3,"4,6,7,9",NA,FALSE,na,FALSE,3,Ha,suction intake? Arm takes too long to deposit cones. prefers cones. did not climb (robot breakdown?),5,2,5,2,7,4,0,0,1,0,0,4,1,1,1,0,8,3,11,27
3029,17,b,,3,NA,FALSE,NA,NA,NA,na,0,0,0,0,NA,NA,FALSE,engage,FALSE,2,rengarajan,"wobbly, got a cone stuck inside their drivetrain, engaged reliably even after 1477 got on, intake dubious?",2,2,2,2,4,0,0,0,0,0,0,1,1,1,1,0,0,0,0,52.5
2848,18,b,,3,cube,TRUE,NA,NA,8,na,0,0,0,0,NA,8,FALSE,na,FALSE,3,rengarajan,dc'ed immediately after auton somehow,2,2,2,2,4,1,0,0,1,0,0,1,1,1,1,0,2,3,5,67.5
2158,19,b,,1,cone,FALSE,NA,1,NA,na,0,0,0,0,1,NA,FALSE,engage,FALSE,2,Nguyen,"Did not move most of the game and intake was stuck in the air, had to be assisted on the charging station by having an alliance member lower it",2,2,2,2,4,1,0,0,1,0,0,1,1,1,1,0,2,3,5,66.6
8556,17,b,,1,cube,FALSE,NA,NA,NA,na,0,0,0,0,NA,NA,FALSE,na,FALSE,1,cobleigh,did not do much. very slow.,2,2,2,2,4,0,0,0,0,0,0,1,1,1,1,0,0,0,0,67.5
7088,18,b,,1,NA,FALSE,NA,NA,NA,na,0,0,0,0,NA,NA,FALSE,engage,TRUE,2,cobleigh,unstable and slow.,2,2,2,2,4,0,0,0,0,0,0,1,1,1,1,0,0,0,0,57.5
2714,19,b,,2,NA,FALSE,NA,NA,NA,dock,0,0,0,3,"25,7,9",8,FALSE,dock,FALSE,4,cobleigh,very good speed. consistent scorer.,4,2,4,2,6,3,0,0,0,0,0,3,1,1,1,1,11,6,17,30.75
1477,17,b,,2,cone,FALSE,NA,6,NA,engage,0,4,2,0,"6,4,1,3","5,2,23",FALSE,engage,FALSE,4,gabri,struggled to get cone out of the robot a few times. super accurate placement,7,2,5,4,9,6,0,0,1,0,0,4,3,1,1,1,17,9,26,19.071
7125,18,b,,2,cube,FALSE,NA,NA,NA,na,0,2,0,0,NA,"24,19",FALSE,park,FALSE,4,gabri,"dodging everyone, pushed cubes in ",3,2,2,3,5,0,0,0,0,0,0,1,2,1,1,2,10,12,22,45
6180,19,b,,3,NA,FALSE,NA,NA,NA,na,0,0,0,0,NA,NA,FALSE,na,FALSE,2,gabri,literally spun and didnt do anything. no defense,2,2,2,2,4,0,0,0,0,0,0,1,1,1,1,0,0,0,0,67.5
5503,17,r,,2,cube,FALSE,NA,NA,NA,na,0,0,0,0,NA,NA,FALSE,engage,FALSE,3,harold,"no intake, no arm. supposed to be a soccer bot but not really good at that. did manage to climb, however. ",2,2,2,2,4,0,0,0,0,0,0,1,1,1,1,0,0,0,0,63
9054,18,r,,1,NA,TRUE,NA,NA,NA,na,0,1,0,0,NA,NA,FALSE,engage,FALSE,1,harold,"soccer bot, but could not do that well. seemed to just wander around aimlessly for most of the match. did climb pretty well, though. no intake.",2,2,2,2,4,0,0,0,0,0,0,1,1,1,1,0,0,0,0,64
5866,19,r,,2,cube,FALSE,NA,NA,NA,na,0,0,0,0,NA,5,FALSE,na,FALSE,1,harold,mostly wandered around aimlessly. ,2,2,2,2,4,1,0,0,0,0,0,1,1,1,1,0,2,0,2,67.5
8088,16,b,,1,cone,FALSE,NA,1,NA,na,0,1,1,0,"1,3",2,FALSE,fail,FALSE,3,gabri,"fell over on platform, accurate with cones on high",3,2,3,2,5,3,0,0,1,0,0,2,1,1,1,0,6,3,9,45
3847,20,b,,1,cube,TRUE,NA,NA,21,dock,5,1,0,0,"4,6,7,9",21,FALSE,engage,FALSE,4,nguyen,"very quick cycle time and movement, smooth driver and good manueverability, missed 2 cone placements and 1 cube placement",5,2,5,2,7,4,0,0,0,0,1,4,1,1,1,1,13,6,19,26.8
7540,21,b,,3,cone,TRUE,NA,27,NA,na,1,2,0,0,27,"26,25,23",TRUE,engage,FALSE,3,nguyen,"good at pushing pieces towards nodes, decent movement, has a intake but does not pick up pieces well",4,2,2,4,6,0,0,0,0,0,1,1,3,1,1,4,20,24,44,32.75
2881,22,b,,3,cone,TRUE,NA,9,NA,na,0,0,0,4,"9,7,6,4,3",NA,FALSE,engage,FALSE,4,nguyen,"very smooth and fast movement, slow arm extension to place cones",6,2,6,2,8,5,0,0,1,0,0,5,1,1,1,0,10,3,13,22.3
1477,23,b,,2,cone,TRUE,NA,4,NA,engage,0,0,4,0,"4,27,6,9","8,14",FALSE,engage,FALSE,3,nguyen,"struggled to get game pieces from the chute, good movement",6,2,5,3,8,4,1,0,1,0,0,4,2,1,1,1,16,9,25,22.3
2950,20,b,,2,cone,FALSE,NA,NA,NA,na,0,0,0,0,NA,NA,FALSE,na,FALSE,4,cobleigh,played pretty good defense. might have gotten 1 foul,2,2,2,2,4,0,0,0,0,0,0,1,1,1,1,0,0,0,0,67.5
8769,21,b,,2,NA,FALSE,NA,NA,NA,na,0,0,0,0,NA,NA,FALSE,na,FALSE,4,cobleigh,played p good defense. decently fast,2,2,2,2,4,0,0,0,0,0,0,1,1,1,1,0,0,0,0,67.5
3029,22,b,,2,cube,FALSE,NA,NA,NA,na,0,0,0,0,NA,"23,21",FALSE,dock,FALSE,3,cobleigh,no intake. pushed to score. also had no auton,3,2,2,3,5,0,0,0,0,0,0,1,2,1,1,2,10,12,22,41.667
9128,23,b,,1,cone,FALSE,NA,1,NA,na,0,4,0,0,"3,1,4,13",5,FALSE,dock,FALSE,3,cobleigh,consistent scorer. overall good quality robot,5,2,5,2,7,4,1,0,1,0,0,4,1,1,1,0,11,3,14,26
3676,20,r,,3,NA,FALSE,NA,NA,NA,na,0,0,0,0,NA,NA,FALSE,engage,FALSE,2,harold,"seemed to just wander aimlessly. their bumper seemed broken. did climb well, though. ",2,2,2,2,4,0,0,0,0,0,0,1,1,1,1,0,0,0,0,65
6377,21,r,,3,cone,FALSE,1,20,NA,na,0,2,4,0,"20,27","8,17,26",FALSE,engage,FALSE,4,harold,perservered and scored low when missed mid or high. climbed very well. ,5,2,3,4,7,1,1,0,0,0,1,2,3,1,1,3,20,18,38,25.8
624,22,r,,2,cube,FALSE,NA,NA,5,dock,0,1,3,0,NA,"5,8,14,2,26",FALSE,engage,FALSE,4,harold,"has a pretty wobbly arm, but it intakes cubes very well. cooperated well with teammates to help get the double climb just in time. ",6,2,2,6,8,3,1,0,1,0,0,1,5,1,1,1,14,9,23,21.167
7091,23,r,,2,cube,FALSE,NA,NA,NA,fail,0,1,0,0,NA,21,FALSE,na,FALSE,3,harold,soccer bot. no intake. pre-loaded with cube on top of it and spun until it got off in teleop so that they could score it. shut down mid-match. ,2,2,2,2,4,0,0,0,0,0,0,1,1,1,1,1,5,6,11,67.5
6180,24,r,,1,cube,TRUE,NA,NA,NA,na,0,0,2,0,NA,26,FALSE,engage,FALSE,2,harold,"has a weird intake that seems to be pulled by a pulley cord or something. had trouble getting cargo at the station. climbed well, though.",2,2,2,2,4,0,0,0,0,0,0,1,1,1,1,1,5,6,11,65
8408,20,r,,2,NA,FALSE,NA,NA,NA,na,0,0,0,0,NA,NA,FALSE,park,FALSE,3,novinski,"just bad man, very slow, confused, and no auton",2,2,2,2,4,0,0,0,0,0,0,1,1,1,1,0,0,0,0,67.5
3735,22,r,,1,NA,FALSE,NA,NA,NA,na,0,0,0,0,NA,NA,TRUE,park,FALSE,3,novinski,"no intake? also wasn't good at shuttlebotting or defense , so they just drived from one side to the other a lot",2,2,2,2,4,0,0,0,0,0,0,1,1,1,1,0,0,0,0,67.5
2158,23,r,,1,cone,FALSE,NA,NA,NA,na,0,0,0,0,27,NA,FALSE,park,FALSE,3,novinski,"those poor cans have had their robot get caught on the node they're trying to score on in auton, TWICE, disabled after that",2,2,2,2,4,0,0,0,0,0,0,1,1,1,1,1,5,6,11,67.5
3743,24,r,,3,NA,TRUE,NA,NA,NA,na,0,1,0,0,NA,20,FALSE,park,FALSE,4,novinski,"little brickbot, decent defens and soccerballed some cubes in",2,2,2,2,4,0,0,0,0,0,0,1,1,1,1,1,5,6,11,67.5
7091,19,r,,2,NA,FALSE,NA,NA,NA,fail,0,0,0,0,NA,NA,FALSE,engage,FALSE,4,novinski,"very fast and stable brick bot, attempt at bALance but was set up wrong I think, didn't play defense that well though",2,2,2,2,4,0,0,0,0,0,0,1,1,1,1,0,0,0,0,59.6
3035,19,r,,3,cone,TRUE,NA,18,NA,na,0,3,1,1,"18,15","8,17,26,5",FALSE,dock,FALSE,3,ha,decent bot. prefers cube. a little selfish at the charge station. ,6,2,3,5,8,2,3,0,0,1,0,2,4,1,1,1,18,10,28,21.367
4328,20,r,,1,cone,FALSE,NA,NA,NA,na,1,1,0,0,NA,19,FALSE,engage,FALSE,3,Ha,intake broke on charge station. slow but knows what to do. ,2,2,2,2,4,0,0,0,0,0,0,1,1,1,1,1,5,6,11,65.65
4295,21,r,,1,NA,FALSE,NA,NA,NA,na,0,0,0,0,NA,NA,FALSE,na,FALSE,1,Ha,no show,2,2,2,2,4,0,0,0,0,0,0,1,1,1,1,0,0,0,0,67.5
8088,22,r,,3,cone,TRUE,NA,9,NA,na,0,2,0,1,"9,6,7,4",NA,FALSE,engage,FALSE,3,Ha,"cone intaker. failed to pick up cone at the end. decent charge station, but lack of speed on balancing. ",5,2,5,2,7,4,0,0,1,0,0,4,1,1,1,0,8,3,11,25.5
2789,23,r,,2,cube,FALSE,NA,NA,NA,dock,0,2,0,0,NA,"26,24",FALSE,engage,FALSE,1,Ha,"decent charge station. push bot, no intake. ",3,2,2,3,5,0,0,0,0,0,0,1,2,1,1,2,10,12,22,44.2
8556,24,r,,2,cube,FALSE,NA,NA,NA,na,0,1,0,0,NA,"23,21",FALSE,fail,FALSE,2,Ha,very tippy. PLayed decent defense. could not mount charge station. ,3,2,2,3,5,0,0,0,0,0,0,1,2,1,1,2,10,12,22,45
3545,25,r,,1,NA,FALSE,NA,NA,NA,na,0,1,0,1,NA,"26,17",FALSE,na,FALSE,2,Ha,mostly struggled on speed. tippy. no endgame. ,3,2,2,3,5,0,1,0,0,0,0,1,2,1,1,1,8,6,14,45
2950,24,b,,2,NA,FALSE,NA,NA,NA,na,0,1,0,0,NA,27,TRUE,dock,FALSE,2,nguyen,"decent defense bot however was playing defense on a bot that didnt need it, decent speed, can push cubes towards community",2,2,2,2,4,0,0,0,0,0,0,1,1,1,1,1,5,6,11,66.05
4717,25,b,,1,cube,FALSE,NA,NA,NA,na,0,2,0,0,NA,20,FALSE,engage,FALSE,2,soo,"intake is slow and is unable to hold on to game pieces reliably. driver wasn't able to manipulate pieces , even shuttling on the ground.",2,2,2,2,4,0,0,0,0,0,0,1,1,1,1,1,5,6,11,66.4
5052,26,b,,1,cube,TRUE,NA,NA,19,na,1,2,0,0,NA,"19,20",TRUE,engage,FALSE,2,soo,"though the bot had an arm, the driver opted not to activate it at all (perhaps it is not functioning). instead, it shuttled cubes across the field in a slow and tedious manner.",3,2,2,3,5,0,0,0,0,0,1,1,2,1,1,2,10,12,22,43.3
4295,27,b,,2,NA,FALSE,NA,NA,NA,na,0,0,0,0,9,NA,FALSE,na,FALSE,3,soo,robot did not show up for this match.,2,2,2,2,4,1,0,0,0,0,0,1,1,1,1,0,2,0,2,67.5
3676,24,b,,3,NA,TRUE,NA,NA,NA,na,0,0,0,0,NA,NA,FALSE,park,FALSE,1,cobleighh,fast robot. not very controled.,2,2,2,2,4,0,0,0,0,0,0,1,1,1,1,0,0,0,0,65
3035,25,b,,3,cone,TRUE,NA,18,NA,na,0,0,0,0,18,NA,FALSE,na,FALSE,2,cobleigh,"spun wildly for most of the match
",2,2,2,2,4,0,1,0,0,1,0,1,1,1,1,0,3,4,7,67.5
9311,26,b,,3,cube,FALSE,NA,NA,NA,na,0,2,0,0,25,26,FALSE,park,FALSE,1,Perumandla,Just shoved into hybrid very slow intake that wasnt used welland it dies every time it left community,2,2,2,2,4,0,0,0,0,0,0,1,1,1,1,2,10,12,22,67.5
5503,27,b,,3,cube,TRUE,NA,NA,26,na,0,0,3,0,"27,25,24",26,FALSE,engage,FALSE,2,Perumandla,Bucket to drop cubes into hybridnot very fast,4,2,4,2,6,0,0,0,0,0,1,3,1,1,1,4,20,24,44,31.25
2848,24,b,,1,cube,TRUE,NA,NA,2,na,0,1,0,0,NA,"2,11",FALSE,na,FALSE,3,gabri,got disabled in the middle,3,2,2,3,5,1,1,0,1,0,0,1,2,1,1,0,5,3,8,45
8408,25,b,,2,NA,FALSE,NA,NA,NA,na,0,0,0,0,NA,NA,FALSE,na,FALSE,3,gabri,just ran arouns the whole time,2,2,2,2,4,0,0,0,0,0,0,1,1,1,1,0,0,0,0,67.5
7125,26,b,,2,cube,FALSE,NA,NA,NA,na,0,0,0,0,NA,23,TRUE,fail,FALSE,2,brittian,bad shuttle,2,2,2,2,4,0,0,0,0,0,0,1,1,1,1,1,5,6,11,64
3847,27,b,,1,cube,TRUE,1,NA,22,na,0,4,0,0,"1,3,23",22,FALSE,engage,FALSE,4,brittian,"got stopped by defense a bit, but decent showing as usual",4,2,4,2,6,2,0,0,0,0,1,3,1,1,1,2,14,12,26,31.75
4328,25,r,,3,cube,TRUE,NA,NA,NA,na,0,3,0,0,24,"20,25",FALSE,engage,FALSE,3,harold,does not have a great intake. successfully climbed but the other robot who was originally on the charge station did not get engaged. ,3,2,2,3,5,0,0,0,0,0,0,1,2,1,1,3,15,18,33,43
8769,26,r,,3,NA,TRUE,NA,NA,NA,na,0,3,0,0,NA,"19,22",TRUE,na,FALSE,2,nguyen,"has and intake but does not use it, instead pushes cubes and cones, jerky driving, not very fast",3,2,2,3,5,0,0,0,0,0,0,1,2,1,1,2,10,12,22,41.567
6672,27,r,,3,cone,TRUE,NA,6,NA,na,0,3,1,0,"4,1,6",5,FALSE,na,FALSE,3,nguyen,"intake appears to have broken or is having problems, slow movement at the end, good cone placement and cycle time",4,2,4,2,6,4,0,0,1,0,0,3,1,1,1,0,8,3,11,33.75
4610,28,r,,1,cone,TRUE,NA,NA,NA,na,0,4,0,0,"10,12,22,23",NA,FALSE,engage,FALSE,3,nguyen,"intake is slow and prone to dropping cones, dropping forces them to move majority of their cones into hybrid node, erratic auton but manages to leave community, slow cycle time",5,2,5,2,7,0,2,0,0,0,0,4,1,1,1,2,16,12,28,23.76
6800,29,r,,1,cone,TRUE,NA,9,NA,dock,0,3,0,2,"9,7,6,4","8,5",FALSE,engage,FALSE,5,harold,was a bit tippy. evaded a lot of defense. could score quickly and efficiently.,6,2,5,3,8,6,0,0,1,0,0,4,2,1,1,0,12,3,15,21.667
9289,25,r,,2,NA,FALSE,NA,NA,NA,na,0,0,0,0,NA,NA,FALSE,fail,FALSE,1,novinski,"very slow and confused, no auton, no intaking, no defense",2,2,2,2,4,0,0,0,0,0,0,1,1,1,1,0,0,0,0,65.9
2714,26,r,,2,cube,FALSE,NA,NA,5,engage,0,0,0,2,"1,3","5,2",FALSE,engage,FALSE,4,Novinski,"Solid team, has to spin around every time they pick up from shelf to score, but still pretty good. And also solid auton",4,2,3,3,6,4,0,0,1,0,0,2,2,1,1,0,8,3,11,33.475
1164,27,r,,2,NA,FALSE,NA,NA,5,engage,0,1,0,1,NA,"5,17",FALSE,engage,FALSE,4,Novinski,"Good driver that got a hard double balance at the end, some trouble with intaking but mostly great",3,2,2,3,5,1,1,0,1,0,0,1,2,1,1,0,5,3,8,43.9
624,28,r,,2,cube,FALSE,NA,NA,5,engage,0,1,2,0,NA,"5,2,19,26",FALSE,engage,FALSE,4,Novinski,"Cryptonite is a really good team, good auton, good cycling, good driving, scoring sometimes misses and drops pieces into hybrid nodes",5,2,2,5,7,2,0,0,1,0,0,1,4,1,1,2,14,15,29,26.56
4734,29,r,,3,cube,TRUE,NA,NA,20,na,0,1,0,1,NA,"20,11,2",FALSE,na,FALSE,4,novinski,"decent team with a good driver, helped someone offthe charge station, scoring mechanism seems a bit overcomplicated and slow, but it works",4,2,2,4,6,1,1,0,0,0,1,1,3,1,1,1,10,6,16,33.75
7119,26,r,,1,cube,FALSE,NA,NA,NA,na,1,2,0,0,NA,"20,23,17",FALSE,na,FALSE,3,Ha,prefers cubes. no charge station. somewhat tippy. ,4,2,2,4,6,0,1,0,0,0,0,1,3,1,1,2,13,12,25,33.75
9054,27,r,,1,NA,TRUE,NA,NA,NA,na,0,0,0,0,NA,NA,FALSE,engage,FALSE,5,Ha,Good defense on spectrum. Good balance. ,2,2,2,2,4,0,0,0,0,0,0,1,1,1,1,0,0,0,0,60.35
2950,28,r,,3,cube,FALSE,NA,NA,NA,na,0,0,0,0,NA,26,FALSE,na,FALSE,3,Ha ,played defense on a down bot. played decent defense on torque. somewhat tippy. ,2,2,2,2,4,0,0,0,0,0,0,1,1,1,1,1,5,6,11,67.5
7091,29,r,,2,cube,FALSE,NA,NA,23,na,0,1,1,0,NA,"23,27",FALSE,na,FALSE,3,Ha,pancake. got stuck bc of cone. could'nt climb bc blocked. played decent defense. ,3,2,2,3,5,0,0,0,0,0,1,1,2,1,1,2,10,12,22,45
5866,28,b,,3,cube,FALSE,NA,NA,NA,na,1,1,0,0,NA,25,FALSE,fail,FALSE,2,soo,"the pincer-claw type intake proved very unreliable. though the swerve drive was rather quick for the most part, the bot kept ambling around slowly to ease the cube into the intake. bot tipped over during endgame on the charge station.",2,2,2,2,4,0,0,0,0,0,0,1,1,1,1,1,5,6,11,67.5
8408,29,b,,2,cube,TRUE,NA,NA,NA,na,0,1,0,0,NA,26,FALSE,na,FALSE,2,soo,"wobbly tank drive, played defense against 6800. though mostly ineffective it did require 6800 to waste a few precious seconds taking a different path.",2,2,2,2,4,0,0,0,0,0,0,1,1,1,1,1,5,6,11,67.5
3035,30,b,,3,cone,TRUE,NA,NA,NA,na,2,3,0,3,"18,16","8,17,14,5",FALSE,engage,FALSE,4,soo,"driver has clear pathing and scoring vision, and bot intakes and scores game pieces reliably on top and middle nodes. very fast charge station engage at the end of the match with another robot already on.",6,2,3,5,8,2,4,0,0,0,0,2,4,1,1,0,16,0,16,22.3
9054,31,b,,2,NA,TRUE,NA,NA,NA,fail,0,3,0,0,NA,NA,TRUE,engage,FALSE,2,soo,"pancake-esque bot,shuttled for the first 15 seconds and then played defense to some success. but because of slow turning speed, it could be outmaneuvered.",2,2,2,2,4,0,0,0,0,0,0,1,1,1,1,0,0,0,0,64.6
3743,32,b,,3,NA,FALSE,NA,NA,NA,na,0,0,0,0,NA,NA,FALSE,na,FALSE,1,Chio,No show,2,2,2,2,4,0,0,0,0,0,0,1,1,1,1,0,0,0,0,67.5
2848,28,b,,1,cube,TRUE,NA,NA,2,na,0,1,0,0,NA,2,FALSE,na,FALSE,1,cobleigh,barely moved after auton,2,2,2,2,4,1,0,0,1,0,0,1,1,1,1,0,2,3,5,67.5
7540,29,b,,3,NA,TRUE,NA,NA,NA,na,0,1,0,0,NA,"25,21,20,8",FALSE,dock,FALSE,3,cobleigh,pretty consistent scorer. Not very fast.,5,2,2,5,7,1,0,0,0,0,0,1,4,1,1,3,17,18,35,22.2
3029,30,b,,2,cube,FALSE,NA,NA,NA,na,0,0,0,0,NA,NA,FALSE,dock,FALSE,2,cobleigh,pretty poor frame. not very fast and does not have a great intake.,2,2,2,2,4,0,0,0,0,0,0,1,1,1,1,0,0,0,0,60
4717,31,b,,3,cube,FALSE,NA,NA,NA,na,0,0,1,0,NA,"26,24",FALSE,dock,FALSE,2,cobleigh,did not make much of an impact.,3,2,2,3,5,0,0,0,0,0,0,1,2,1,1,2,10,12,22,38.333
8088,32,b,,1,cone,FALSE,NA,NA,NA,na,0,2,1,0,"1,21,3",2,FALSE,dock,FALSE,2,cobleigh,very slow!!,4,2,4,2,6,3,0,0,0,0,0,3,1,1,1,1,11,6,17,32.75
1477,28,b,,2,cone,FALSE,NA,6,NA,engage,0,0,4,0,"6,3,1","11,5",FALSE,engage,FALSE,5,Brittian,"love this bot, a little bit of TROUBLE WITH SCORING THIS GAME",5,2,4,3,7,4,1,0,1,0,0,3,2,1,1,0,11,3,14,24.6
7088,29,b,,1,cone,FALSE,NA,NA,NA,na,0,0,0,0,19,NA,FALSE,engage,FALSE,3,GABRI,"JUST DROVE AROUND, NO DEFENSE",2,2,2,2,4,0,0,0,0,0,0,1,1,1,1,1,5,6,11,65.2
2158,30,b,,1,cone,TRUE,NA,19,NA,engage,0,2,0,0,"19,1,3",NA,FALSE,na,FALSE,3,GABRI,"GOOD AUTON, BATTERY FELL OUT SO DISABLED? ",4,2,4,2,6,2,0,0,0,0,1,3,1,1,1,1,9,6,15,33.75
3735,31,b,,1,NA,FALSE,NA,NA,NA,na,0,4,0,0,NA,"19,23",FALSE,na,FALSE,3,gabri,"very slow, no defense",3,2,2,3,5,0,0,0,0,0,0,1,2,1,1,2,10,12,22,45
9128,32,b,,2,cone,FALSE,NA,4,NA,dock,0,3,2,0,"4,25,6,15","5,14",FALSE,engage,FALSE,4,gabri,intake is very fast and the arm overextends,6,2,5,3,8,3,2,0,1,0,0,4,2,1,1,1,17,9,26,22.283
7125,30,r,,2,cube,FALSE,NA,NA,NA,na,0,2,0,0,NA,"22,27",FALSE,fail,FALSE,2,harold,seemed to have a nonfunctioning intake. played a bit of defense. shut down for a bit in the middle of the  match. tried to climb but did not. ,3,2,2,3,5,0,0,0,0,0,0,1,2,1,1,2,10,12,22,45
6180,31,r,,3,cube,TRUE,NA,NA,NA,na,0,0,1,0,NA,19,FALSE,engage,FALSE,2,harold,"did not have a good intake. could not outtake. did do climb, though. was able to score soccer-style.",2,2,2,2,4,0,0,0,0,0,0,1,1,1,1,1,5,6,11,64
8556,32,r,,1,cube,FALSE,NA,NA,NA,na,0,2,0,0,"27,25",26,FALSE,engage,FALSE,3,harold,"robot was tippy. only scored soccer-style. climbed well, though. ",3,2,3,2,5,0,0,0,0,0,0,2,1,1,1,3,15,18,33,42.333
6672,33,r,,2,cone,FALSE,NA,NA,NA,fail,1,0,5,0,"9,7,6","8,5,24",FALSE,engage,FALSE,5,harold,"auton was a little buggy. scored quite efficiently,  however. ",6,2,4,4,8,5,0,0,0,0,0,3,3,1,1,1,15,6,21,21.667
3847,34,r,,1,cube,FALSE,NA,NA,8,na,0,0,0,0,NA,8,FALSE,na,FALSE,3,harold,robot was inactive the entire match.,2,2,2,2,4,1,0,0,1,0,0,1,1,1,1,0,2,3,5,67.5
8769,30,r,,1,NA,TRUE,NA,NA,NA,na,0,0,0,0,NA,NA,FALSE,na,FALSE,1,NOVINSKI,"I don't know what they were doing this match, and i'M NOT CONVINCED THEY DID EITHER",2,2,2,2,4,0,0,0,0,0,0,1,1,1,1,0,0,0,0,67.5
4295,31,r,,1,NA,TRUE,NA,NA,NA,na,0,1,0,0,20,NA,FALSE,engage,FALSE,1,novinski,"not very good, one ok defense bot completely shut them down,to a sad degree, also intake isn't great",2,2,2,2,4,0,0,0,0,0,0,1,1,1,1,1,5,6,11,66.45
1164,32,r,,2,NA,FALSE,NA,NA,NA,engage,0,1,0,0,NA,5,FALSE,engage,FALSE,1,novinski,"intake takesforever to line up and they're not good at lining ti up, auton balance is really good",2,2,2,2,4,1,0,0,0,0,0,1,1,1,1,0,2,0,2,64.95
2789,33,r,,1,cube,FALSE,NA,NA,26,na,0,1,0,0,NA,"26,20",FALSE,engage,FALSE,3,novinski,solid but sort of broke down half-way-through,3,2,2,3,5,0,0,0,0,0,1,1,2,1,1,2,10,12,22,44
7119,34,r,,2,NA,FALSE,NA,NA,NA,na,0,4,0,0,NA,"19,21",FALSE,na,FALSE,2,noviski,"intake dosen't work well, very shakey, doubled up nodes",3,2,2,3,5,0,0,0,0,0,0,1,2,1,1,2,10,12,22,45
2881,30,r,,3,cone,TRUE,NA,9,NA,dock,0,0,0,4,"9,7,6,4",NA,FALSE,fail,FALSE,3,Ha,"piece security is a problem. they move fast, intake and scoring take a while. ",5,2,5,2,7,4,0,0,1,0,0,4,1,1,1,0,8,3,11,25.3
3545,31,r,,2,cube,FALSE,NA,NA,NA,na,0,0,0,0,NA,NA,FALSE,na,FALSE,1,Ha,no intake or scoring. unable to eject too unstable to play def.,2,2,2,2,4,0,0,0,0,0,0,1,1,1,1,0,0,0,0,67.5
4328,32,r,,1,cube,TRUE,NA,NA,NA,na,0,1,0,0,"19,21",20,FALSE,dock,FALSE,1,Gabe,D idn't move much or do much and no intake. pancake type bot,3,2,3,2,5,0,0,0,0,0,0,2,1,1,1,3,15,18,33,41.9
9289,33,r,,3,NA,FALSE,NA,NA,NA,na,0,0,0,0,NA,NA,FALSE,engage,FALSE,2,Ha,intake broke. balanced decently. ,2,2,2,2,4,0,0,0,0,0,0,1,1,1,1,0,0,0,0,64.35
5052,34,r,,3,cube,TRUE,NA,NA,NA,na,0,1,1,0,NA,NA,TRUE,engage,FALSE,3,Ha,pancake. decent climb,2,2,2,2,4,0,0,0,0,0,0,1,1,1,1,0,0,0,0,65.45
9311,33,b,,3,NA,TRUE,NA,NA,NA,na,0,0,0,0,NA,NA,FALSE,na,FALSE,1,Chio,wiggled around in the same place for the whole match,2,2,2,2,4,0,0,0,0,0,0,1,1,1,1,0,0,0,0,67.5
5866,34,b,,1,cube,TRUE,NA,NA,NA,na,1,0,0,1,NA,"8,17",FALSE,engage,FALSE,2,chio,"Fumbled around a while trying to pick up their cube pieces, took a painstakingly long amount of time",3,2,2,3,5,1,1,0,0,0,0,1,2,1,1,0,5,0,5,42.833
4295,35,b,,1,NA,TRUE,NA,NA,NA,na,0,0,0,0,NA,NA,FALSE,engage,FALSE,2,Chio,Mainly played in neutral zone started off knocking cubes towards blue community but transitioned into attempting to play defense against 3676,2,2,2,2,4,0,0,0,0,0,0,1,1,1,1,0,0,0,0,60.25
8556,36,b,,2,cube,TRUE,NA,NA,NA,na,0,0,0,0,NA,NA,FALSE,fail,FALSE,1,Chio,Puttered around a bunch. It was very slow and its attempts to nudge the pieces to community were futile. ultimately caused 6800 to fail their balance. Also very unwieldy whenver it moves around,2,2,2,2,4,0,0,0,0,0,0,1,1,1,1,0,0,0,0,57.2
6672,37,b,,2,cone,TRUE,NA,22,NA,engage,0,5,0,0,"22,6,4,3","5,2,8",FALSE,na,FALSE,4,Chio,Should have gone for the climb. Missed the cube at the end,7,2,5,4,9,6,0,0,0,0,1,4,3,1,1,1,17,6,23,19.286
2714,33,b,,2,cube,FALSE,NA,NA,5,dock,0,2,2,1,"7,9","5,17",FALSE,dock,FALSE,4,cobleigh,very efficient. great scorer,4,2,3,3,6,3,1,0,1,0,0,2,2,1,1,0,9,3,12,33
6377,34,b,,2,cone,FALSE,NA,23,NA,engage,0,8,0,0,"23,15,13,12,16,19","14,11",FALSE,na,FALSE,5,cobleigh,very very impressed. keep an eye out on this robot for its ability to score low / mid.,8,2,7,3,10,0,6,0,0,0,1,6,2,1,1,2,28,12,40,16.875
2848,35,b,,3,cube,FALSE,NA,NA,8,na,0,0,0,0,NA,8,FALSE,na,FALSE,1,cobleigh,died after auton,2,2,2,2,4,1,0,0,1,0,0,1,1,1,1,0,2,3,5,67.5
6800,36,b,,3,cone,TRUE,NA,9,NA,engage,1,1,2,1,"9,7,6","8,23,5",FALSE,fail,FALSE,4,nguyen,"quick cycles but cannot pick up tipped cones, has to pick up upright cones, fast placement and smooth movement, can maneuver well to get into place for balancing on the charging station",6,2,4,4,8,5,0,0,1,0,0,3,3,1,1,1,15,9,24,21.75
4328,37,b,,3,cone,TRUE,NA,NA,NA,na,0,0,0,0,27,NA,TRUE,fail,FALSE,2,nguyen,"struggled to pick up anything, moving around aimlessly it seemed like, stayed in the loading zone for a while trying to pick up a piece",2,2,2,2,4,0,0,0,0,0,0,1,1,1,1,1,5,6,11,64.85
4610,33,b,,1,NA,TRUE,NA,NA,NA,na,0,2,0,0,NA,"2,14",FALSE,na,FALSE,4,gabri,good maneuvers,3,2,2,3,5,1,1,0,0,0,0,1,2,1,1,0,5,0,5,44.333
5503,34,b,,3,cube,TRUE,NA,NA,26,na,0,0,0,0,NA,26,TRUE,na,FALSE,3,gabri,no intake,2,2,2,2,4,0,0,0,0,0,1,1,1,1,1,1,5,6,11,67.5
2881,35,b,,2,cone,FALSE,NA,6,NA,engage,0,0,1,3,"6,1,3,21",11,FALSE,engage,FALSE,4,gabri,easily got around defense.,5,2,5,2,7,3,1,0,1,0,0,4,1,1,1,1,14,9,23,26.04
2950,36,b,,1,cone,TRUE,NA,6,NA,na,0,0,0,0,6,NA,FALSE,na,FALSE,2,ha,na,2,2,2,2,4,1,0,0,1,0,0,1,1,1,1,0,2,3,5,67.5
2158,37,b,,1,cone,TRUE,NA,1,NA,na,0,0,0,0,1,NA,FALSE,dock,FALSE,3,gabri,intake not working?,2,2,2,2,4,1,0,0,1,0,0,1,1,1,1,0,2,3,5,67.5
3676,35,r,,1,NA,FALSE,NA,NA,NA,na,0,0,0,0,NA,NA,FALSE,engage,FALSE,3,harold,pretty fast robot. played some good defense. Tried to soccer-style it but was ultimately unsuccessful. very fast climb as well.,2,2,2,2,4,0,0,0,0,0,0,1,1,1,1,0,0,0,0,66
3035,36,r,,3,cone,TRUE,NA,NA,NA,na,0,2,0,1,"1,4,18,16",8,FALSE,engage,FALSE,4,harold,"very good elevator arm. it picks up and releases cargo very well. good climb, too. ",5,2,5,2,7,3,2,0,0,0,0,4,1,1,1,0,12,0,12,26.4
7091,37,r,,3,cube,TRUE,NA,NA,NA,na,0,1,0,0,NA,NA,TRUE,engage,FALSE,3,soo,flat bot. played moderate defense but because of tank drive wasnt as effective.,2,2,2,2,4,0,0,0,0,0,0,1,1,1,1,0,0,0,0,66
8088,38,r,,2,cube,FALSE,NA,NA,NA,na,0,0,0,0,NA,NA,TRUE,na,FALSE,4,soo,"played admirable defense against 624, acctually knocking out pieces from play. driver knows how to defend. however, the bot is limited by a rather slow tank drive.",2,2,2,2,4,0,0,0,0,0,0,1,1,1,1,0,0,0,0,67.5
3029,39,r,,2,cone,FALSE,NA,NA,NA,na,0,3,0,0,NA,"23,27,26",TRUE,fail,FALSE,2,soo,slowly shuffled cubes into lower nodes. tipped over in an attempt at triple engage. ,4,2,2,4,6,0,0,0,0,0,0,1,3,1,1,3,15,18,33,31.7
7540,35,r,,3,cone,TRUE,NA,19,NA,na,0,2,1,0,19,"2,20,21",FALSE,engage,FALSE,4,novinski,"Intake was a bit finnicky but it all worked pretty well, could only score  in low",4,2,2,4,6,1,0,0,0,0,1,1,3,1,1,3,17,18,35,33.05
2714,37,r,,2,cube,FALSE,NA,NA,5,engage,0,2,0,2,"6,4,3",5,FALSE,engage,FALSE,4,novinski,"really fast and sturdy, but dropped some pieces",4,2,4,2,6,4,0,0,1,0,0,3,1,1,1,0,8,3,11,33.175
8408,38,r,,2,cube,FALSE,NA,NA,NA,na,0,0,0,0,NA,NA,FALSE,na,FALSE,1,novinski,didn't know how to soccer ball balls well which was their only option cause they weren't using their intake,2,2,2,2,4,0,0,0,0,0,0,1,1,1,1,0,0,0,0,67.5
9054,39,r,,3,cube,TRUE,NA,NA,19,na,0,0,0,0,NA,19,FALSE,fail,FALSE,3,novinski,"lil defense bot defends well, they can score low in auton too!",2,2,2,2,4,0,0,0,0,0,1,1,1,1,1,1,5,6,11,67.5
7125,35,r,,2,cube,FALSE,NA,NA,NA,na,0,1,0,0,NA,"23,27",FALSE,na,FALSE,3,Ha,died on the field. ,3,2,2,3,5,0,0,0,0,0,0,1,2,1,1,2,10,12,22,45
3735,36,r,,1,cube,FALSE,NA,NA,NA,na,0,0,0,0,NA,20,FALSE,na,FALSE,4,Ha,played defense on 2+ bots by causing traffic jam in center. ,2,2,2,2,4,0,0,0,0,0,0,1,1,1,1,1,5,6,11,67.5
9289,37,r,,1,cube,FALSE,NA,NA,NA,na,0,1,0,0,NA,19,FALSE,na,FALSE,3,Ha,"no intake, push bot. not really defending. ",2,2,2,2,4,0,0,0,0,0,0,1,1,1,1,1,5,6,11,67.5
3847,38,r,,1,cube,TRUE,NA,NA,11,dock,0,1,5,0,"7,6,1,9","11,8",FALSE,engage,FALSE,4,Ha,"let down the charge station so other bots could get on- ended up costing them the engage. Good fast, secure intake. good climb. avoids defense somewhat well. ",6,2,5,3,8,5,1,0,0,1,0,4,2,1,1,0,13,4,17,21.867
7088,39,r,,1,cone,FALSE,NA,NA,NA,na,1,0,0,0,24,NA,FALSE,engage,FALSE,2,Ha,shelf intaker. hard to pull out. slow unwieldy. tippy. climb is decent. ,2,2,2,2,4,0,0,0,0,0,0,1,1,1,1,1,5,6,11,63.05
624,38,b,,2,cube,TRUE,NA,NA,5,engage,0,1,3,0,NA,"5,8,14,21,17",FALSE,engage,FALSE,5,Chio,"Dropped a cube from their loading station. Fixed a lot of the stability issues but still wobbles, both arm and the bot itself. Good at evading but long lineup time.",6,2,2,6,8,2,2,0,1,0,0,1,5,1,1,1,15,9,24,20.733
5052,39,b,,1,cube,TRUE,NA,NA,NA,na,0,0,0,0,NA,NA,FALSE,engage,FALSE,2,Chio,Arm slammed down and dropped cube during the auton which disabled it for the rest of the match. Ended up driving around aimlessly dragging the broken arm around like a tail,2,2,2,2,4,0,0,0,0,0,0,1,1,1,1,0,0,0,0,63.7
4717,40,b,,3,cube,TRUE,NA,NA,NA,na,1,0,0,0,NA,"27,26",FALSE,park,FALSE,2,Chio,"Pancake bot that shoved cubes into hybrid nodes, transitioned into trying to shuttle cubes to the other teams but was not too successful",3,2,2,3,5,0,0,0,0,0,0,1,2,1,1,2,10,12,22,45
6377,41,b,,2,cone,TRUE,NA,23,NA,engage,1,4,3,0,"23,15,18,21","8,5,14,24,25",FALSE,fail,FALSE,4,Chio,Very quick cycle times going back and forth . Inadvertently tipped over teammate 4610 by going on the charge station,9,2,5,6,11,2,3,0,0,0,1,4,5,1,1,4,33,24,57,14.778
7091,42,b,,1,cube,TRUE,NA,NA,NA,na,0,0,0,0,NA,"19,27,26",TRUE,fail,FALSE,2,Chio,Acted somewhat efficiently as a shuttlebot,4,2,2,4,6,0,0,0,0,0,0,1,3,1,1,3,15,18,33,32.375
7119,38,b,,1,NA,FALSE,NA,NA,NA,na,0,0,0,0,NA,NA,FALSE,na,FALSE,1,cobleigh,launched themselves off the charge station. flipped.,2,2,2,2,4,0,0,0,0,0,0,1,1,1,1,0,0,0,0,67.5
4734,39,b,,3,cone,TRUE,NA,27,NA,na,0,3,0,0,27,"25,26",FALSE,na,FALSE,2,cobleigh,nothing special. poor quality intake,3,2,2,3,5,0,0,0,0,0,1,1,2,1,1,3,15,18,33,45
5866,40,b,,2,cube,FALSE,NA,NA,NA,na,0,2,0,0,NA,"5,14,11",FALSE,dock,FALSE,3,cobleigh,good scorer. good climb,4,2,2,4,6,1,2,0,0,0,0,1,3,1,1,0,8,0,8,32.5
4610,41,b,,3,cone,TRUE,NA,NA,NA,na,0,2,0,0,16,"17,11",FALSE,na,FALSE,2,cobleigh,other robot hit chsrge station while they were on it and flipped them. consistent auton mobility,3,2,2,3,5,0,3,0,0,0,0,1,2,1,1,0,9,0,9,45
2881,42,b,,3,cone,TRUE,NA,9,NA,na,0,0,1,3,"9,1,3,6,7",NA,FALSE,engage,FALSE,4,cobleigh,"intake is slow, robot is fast. not sure if they can intake cubes.",6,2,6,2,8,5,0,0,1,0,0,5,1,1,1,0,10,3,13,20.833
3743,38,b,,3,cube,TRUE,NA,NA,NA,na,0,0,0,0,NA,NA,FALSE,na,FALSE,1,gabri,"bumper broke, robot was moved to side",2,2,2,2,4,0,0,0,0,0,0,1,1,1,1,0,0,0,0,67.5
2789,39,b,,2,cube,FALSE,NA,NA,NA,fail,1,0,0,0,NA,11,FALSE,engage,FALSE,3,gabri,"intake is poor, kept grabbing at cubes but couldnt succeed",2,2,2,2,4,0,1,0,0,0,0,1,1,1,1,0,3,0,3,63.55
3676,40,b,,1,cube,FALSE,NA,NA,NA,na,0,0,1,0,NA,"19,14",FALSE,engage,FALSE,3,HA,MEDIUM SPEED,3,2,2,3,5,0,1,0,0,0,0,1,2,1,1,1,8,6,14,44.1
3545,41,b,,1,cube,TRUE,NA,NA,2,na,0,0,0,0,NA,2,TRUE,na,FALSE,2,brittian,"very rickety, browned out at the end. no ground pickup but decent auto scoring. maybe with some more counterweight they could be a decent defense",2,2,2,2,4,1,0,0,1,0,0,1,1,1,1,0,2,3,5,67.5
6672,42,b,,2,cone,FALSE,NA,NA,NA,engage,0,2,0,0,3,20,FALSE,dock,FALSE,5,brittian,:(,2,2,2,2,4,1,0,0,0,0,0,1,1,1,1,1,7,6,13,62.5
1477,40,r,,2,cube,TRUE,NA,4,NA,engage,2,5,1,0,"4,9,7,6","8,14,17",FALSE,engage,FALSE,4,soo,"driver seems much more confident than before, very quick pickups and placement of cones. the intake issues seem to have improved. though there was no defense, the pathing was very good. ",7,2,5,4,9,5,2,0,1,0,0,4,3,1,1,0,16,3,19,19.086
5503,41,r,,3,cube,TRUE,NA,NA,19,na,0,2,0,0,NA,19,TRUE,na,FALSE,2,soo,"flat bot, shuttled and then plaued poor defense. lack of maneuverability due to tank drive.",2,2,2,2,4,0,0,0,0,0,1,1,1,1,1,1,5,6,11,67.5
7119,42,r,,2,cube,FALSE,NA,NA,NA,na,0,1,0,0,NA,23,FALSE,engage,FALSE,2,soo,"froze for half the match. picked up a game pice in the latter half but didnt have time to place it. helpd get a double engage, but not able to climb alone due to height of wheels relative to bumper.",2,2,2,2,4,0,0,0,0,0,0,1,1,1,1,1,5,6,11,61.5
2950,43,r,,3,cone,FALSE,NA,NA,NA,na,0,0,0,0,NA,NA,TRUE,na,FALSE,2,harold,played some good defense. no working intake. tried to do some shuttlebot action but was less successful in those endeavors. tried to get past community in auton but did not make it. ,2,2,2,2,4,0,0,0,0,0,0,1,1,1,1,0,0,0,0,67.5
9289,44,r,,2,cube,FALSE,NA,NA,NA,na,0,0,0,0,NA,NA,FALSE,na,FALSE,1,harold,simply browned out. for the entirety of the match. that is all.,2,2,2,2,4,0,0,0,0,0,0,1,1,1,1,0,0,0,0,67.5
8769,40,r,,1,NA,TRUE,NA,NA,NA,na,0,0,0,0,NA,NA,FALSE,na,FALSE,1,novinski,died on the field and didn't know what to dowhen alive,2,2,2,2,4,0,0,0,0,0,0,1,1,1,1,0,0,0,0,67.5
6180,41,r,,2,NA,FALSE,NA,NA,NA,engage,1,3,0,0,NA,"23,24,25",FALSE,engage,FALSE,2,novinski,"not great, no intake?, bad at dribbling, tried feebily to play defense",4,2,2,4,6,0,0,0,0,0,0,1,3,1,1,3,15,18,33,32.45
3735,42,r,,1,cube,FALSE,NA,NA,NA,na,0,0,0,0,NA,NA,FALSE,na,FALSE,1,novinski,died at the beginning,2,2,2,2,4,0,0,0,0,0,0,1,1,1,1,0,0,0,0,67.5
8088,43,r,,1,cone,FALSE,NA,9,NA,na,0,2,0,0,"9,26,27",NA,FALSE,engage,FALSE,1,novinski,didb't know what they should do next 50% of the time,4,2,4,2,6,1,0,0,1,0,0,3,1,1,1,2,12,15,27,33.25
5052,44,r,,1,cube,FALSE,NA,NA,27,na,0,1,0,1,NA,"27,2,21",FALSE,engage,FALSE,1,novinski,big arm that WILL break and driving is not great,4,2,2,4,6,1,0,0,0,0,1,1,3,1,1,2,12,12,24,33.25
1164,40,r,,3,cube,TRUE,NA,NA,NA,na,0,3,0,1,NA,"8,5,17",FALSE,engage,FALSE,3,Ha,"prefers cubes, but can do both. balances easily. a little tippy. ",4,2,2,4,6,2,1,0,0,0,0,1,3,1,1,0,7,0,7,33.125
9311,41,r,,1,cube,TRUE,NA,NA,NA,na,1,3,0,0,NA,"21,25,22",FALSE,engage,FALSE,2,Ha,"Tippy. Intake is functional, but not used. climb is good. spacing made a potential for 3rd climber who didnt get on. ",4,2,2,4,6,0,0,0,0,0,0,1,3,1,1,3,15,18,33,31.675
6800,42,r,,3,cone,TRUE,NA,9,NA,engage,1,0,9,0,"9,7,16,18","8,17,27,25,26,24",FALSE,engage,FALSE,4,Ha,"They've gotten better. They are consistent, fast, and accurate. they have a fast climb. ",10,2,5,7,12,3,3,0,1,0,0,4,6,1,1,4,35,27,62,13.16
3029,43,r,,2,cube,FALSE,NA,NA,NA,na,0,2,0,0,"20,19","24,21",FALSE,engage,FALSE,3,Ha,"decent balance. push bot, intake does not work. ",4,2,3,3,6,0,0,0,0,0,0,2,2,1,1,4,20,24,44,30.95
3676,44,r,,3,cube,FALSE,NA,NA,NA,na,0,0,2,0,NA,"26,25",FALSE,engage,FALSE,3,Ha,Pushbot. Moves and balances quickly. no defense. ,3,2,2,3,5,0,0,0,0,0,0,1,2,1,1,2,10,12,22,43.467
2714,43,b,,2,cube,TRUE,NA,NA,5,engage,0,0,1,3,"6,4","5,8",FALSE,engage,FALSE,4,Chio,"Their main gameplay loop is middle cube, immediately followed by going to substation for cones to complete top link rinse and repeat",4,2,3,3,6,4,0,0,1,0,0,2,2,1,1,0,8,3,11,32.325
7540,44,b,,1,cone,TRUE,NA,19,NA,na,0,2,1,0,19,"21,24",FALSE,engage,FALSE,3,Chio,Shuttled over all pieces on their side of the field then used pincer style grabber in order to get cubes from other side. all exclusively cubes,3,2,2,3,5,0,0,0,0,0,1,1,2,1,1,3,15,18,33,41.767
5866,45,b,,2,cube,FALSE,NA,NA,NA,na,0,0,0,1,NA,"5,8",FALSE,engage,FALSE,2,Chio,Too singleminded wasted about 20ish seconds trying to get cube out of double substation,3,2,2,3,5,2,0,0,0,0,0,1,2,1,1,0,4,0,4,41.2
4328,46,b,,1,cone,TRUE,NA,27,NA,na,0,1,0,1,27,8,FALSE,na,FALSE,1,Chio,Arm is not very secure and wobbles. Tunnel visioned on getting the cone out of double substation and wasted time there. Dropped cone at halfway point of the neutral zone,2,2,2,2,4,1,0,0,0,0,1,1,1,1,1,1,7,6,13,67.5
7088,43,b,,1,cone,FALSE,NA,NA,NA,na,0,0,0,0,21,NA,FALSE,dock,FALSE,2,cobleigh,intake is off the ground. does not work well,2,2,2,2,4,0,0,0,0,0,0,1,1,1,1,1,5,6,11,57.5
1477,44,b,,2,cone,TRUE,NA,6,NA,dock,0,4,0,0,"6,7,4,3",8,FALSE,na,FALSE,5,cobleigh,very solid robot.,5,2,5,2,7,5,0,0,1,0,0,4,1,1,1,0,10,3,13,27
2158,45,b,,2,cone,TRUE,NA,9,NA,engage,0,2,0,1,"9,16,25",NA,FALSE,dock,FALSE,3,cobleigh,good high scorer,4,2,4,2,6,1,1,0,1,0,0,3,1,1,1,1,10,9,19,31.25
4717,46,b,,1,cube,FALSE,NA,NA,19,na,0,0,0,0,NA,"21,19,20",FALSE,dock,FALSE,2,cobleigh,does not really have an intake. it just pushes cubes.,4,2,2,4,6,0,0,0,0,0,1,1,3,1,1,3,15,18,33,31.9
4295,43,b,,3,NA,TRUE,NA,NA,NA,na,0,1,0,0,NA,27,TRUE,engage,FALSE,3,gabri,small size allowed for a triple balance,2,2,2,2,4,0,0,0,0,0,0,1,1,1,1,1,5,6,11,65.65
624,44,b,,3,NA,FALSE,NA,27,NA,na,0,4,0,0,27,"2,5,17,22,23",FALSE,engage,FALSE,4,gabri,"going a lot slower this round, maybe some structural modifications were made prior to the advent of the match",6,2,2,6,8,2,1,0,0,0,1,1,5,1,1,3,22,18,40,21.483
7125,45,b,,1,cube,FALSE,NA,NA,NA,na,0,0,0,0,NA,20,FALSE,na,FALSE,3,gabri,just sat there,2,2,2,2,4,0,0,0,0,0,0,1,1,1,1,1,5,6,11,67.5
6180,46,b,,2,cube,FALSE,NA,NA,NA,dock,0,2,0,0,NA,"23,27,25",FALSE,engage,FALSE,4,gabri,"pushed cubes in, stayed in loading area for 20 SEC TRYING TO PICK UP A CONE BUT FAILED, NO DEFENSE",4,2,2,4,6,0,0,0,0,0,0,1,3,1,1,3,15,18,33,33.05
3743,45,r,,1,cube,FALSE,NA,NA,NA,na,0,0,0,0,NA,NA,FALSE,na,FALSE,1,harold,no intake. made an attempt at shuttle-botting but could not really do it. played only a little bit of defense. browned out mid-match. ,2,2,2,2,4,0,0,0,0,0,0,1,1,1,1,0,0,0,0,67.5
9128,46,r,,2,cone,FALSE,NA,6,NA,engage,0,2,2,0,"6,4,15,13,7",5,FALSE,engage,FALSE,5,harold,"very good intake. probably the best rookie bot i have ever seen. very consistant with scoring. could climb very well, too.",6,2,6,2,8,4,2,0,1,0,0,5,1,1,1,0,14,3,17,21.833
8556,47,r,,2,cube,FALSE,NA,NA,23,na,0,1,1,0,"27,26",23,FALSE,engage,FALSE,3,harold,"not a great intake, if you can even call it that. climbed well, however. scored soccer-style. ",3,2,3,2,5,0,0,0,0,0,1,2,1,1,1,3,15,18,33,44.333
1164,48,r,,2,NA,FALSE,NA,NA,NA,engage,0,0,0,1,NA,NA,FALSE,engage,FALSE,3,harold,"seemed to be wandering aimlessly for some time during the match. it seems that it can only intake cargo from the shelf. it can climb well, though.",2,2,2,2,4,0,0,0,0,0,0,1,1,1,1,0,0,0,0,65
8408,45,r,,1,cube,FALSE,NA,NA,NA,na,0,0,0,0,NA,NA,FALSE,engage,FALSE,1,novinski,got a cube jammed insidethem and didn't take the oppurtunity to play defense,2,2,2,2,4,0,0,0,0,0,0,1,1,1,1,0,0,0,0,66.8
2789,46,r,,1,cube,FALSE,NA,NA,26,na,0,1,0,0,NA,"26,27",FALSE,na,FALSE,3,novinski,scored once then died,3,2,2,3,5,0,0,0,0,0,1,1,2,1,1,2,10,12,22,45
4610,47,r,,3,cone,TRUE,NA,NA,NA,na,0,0,4,0,"13,12,15","22,14",FALSE,engage,FALSE,3,novinski,solid all around except they dropped a piece,5,2,4,3,7,0,4,0,0,0,0,3,2,1,1,1,17,6,23,26.44
6377,45,r,,2,cube,FALSE,NA,23,NA,engage,0,3,2,0,"23,27,18,16,24,15,25","17,8",FALSE,engage,FALSE,4,Ha,Good maneuverability. initially had trouble scoring high. allowed other bot to climb up by tilting. ,9,2,8,3,11,1,4,0,0,0,1,7,2,1,1,4,34,24,58,14.544
5503,46,r,,3,cube,TRUE,NA,NA,26,na,0,3,0,0,NA,26,FALSE,engage,FALSE,3,Ha,played defense. pushed a cube so that oppenent could get it tho. decent climb. ,2,2,2,2,4,0,0,0,0,0,1,1,1,1,1,1,5,6,11,65.4
3847,47,r,,1,cube,TRUE,NA,NA,2,dock,0,0,7,0,"27,18,26","2,25,23",FALSE,na,FALSE,4,Ha,"Fast, avoided defense well. consistent, but doesnt score all the time. ",6,2,4,4,8,1,1,0,1,0,0,3,3,1,1,4,25,27,52,22.5
2848,48,r,,1,cone,FALSE,NA,NA,2,na,1,0,0,0,NA,2,FALSE,na,FALSE,1,Ha,disabled. ,2,2,2,2,4,1,0,0,1,0,0,1,1,1,1,0,2,3,5,67.5
3743,49,r,,1,NA,FALSE,NA,NA,NA,na,0,0,0,0,NA,NA,FALSE,na,FALSE,2,Ha,no show,2,2,2,2,4,0,0,0,0,0,0,1,1,1,1,0,0,0,0,67.5
9054,47,b,,3,NA,TRUE,NA,NA,NA,na,0,0,0,0,NA,NA,FALSE,engage,FALSE,4,rengarajan,played superb defense against all 3 red bots,2,2,2,2,4,0,0,0,0,0,0,1,1,1,1,0,0,0,0,54.8
7119,48,b,,2,cube,FALSE,NA,NA,NA,na,0,1,0,0,NA,"23,20",FALSE,engage,FALSE,3,rengarajan,"had trouble intaking cubes, ended up pushing game pieces into grid, got triple engage!!",3,2,2,3,5,0,0,0,0,0,0,1,2,1,1,2,10,12,22,40
7088,49,b,,3,cone,FALSE,NA,NA,NA,na,0,0,0,1,24,NA,FALSE,na,FALSE,3,rengarajan,"was slow and hard to intake, tipped over accidentally by 6672",2,2,2,2,4,0,0,0,0,0,0,1,1,1,1,1,5,6,11,67.5
4295,52,b,,1,NA,TRUE,NA,NA,NA,na,0,0,0,0,NA,NA,FALSE,na,FALSE,1,novinski,bot should play defense but instead touched the enemy bots twice,2,2,2,2,4,0,0,0,0,0,0,1,1,1,1,0,0,0,0,67.5
9311,47,b,,2,cube,FALSE,NA,NA,NA,na,0,3,0,0,NA,"23,21,25,27,20",FALSE,dock,FALSE,3,cobleigh,pushes to score,6,2,2,6,8,0,0,0,0,0,0,1,5,1,1,5,25,30,55,19.167
3545,48,b,,2,cube,TRUE,NA,NA,2,na,0,0,0,0,NA,2,FALSE,dock,FALSE,3,cobleigh,intake is NOT good. cant intake cubes or anything on the grond,2,2,2,2,4,1,0,0,1,0,0,1,1,1,1,0,2,3,5,60.5
2158,49,b,,3,cone,TRUE,NA,27,NA,na,0,2,1,0,"27,7,9,6",NA,FALSE,dock,FALSE,3,cobleigh,pretty good high scorer,5,2,5,2,7,3,0,0,0,0,1,4,1,1,1,1,11,6,17,25
1477,50,b,,2,cone,TRUE,NA,6,NA,dock,0,3,1,1,"6,7,3,4",5,FALSE,dock,FALSE,5,cobleigh,very solid robot. not sure how it handles cube intake though.,5,2,5,2,7,5,0,0,1,0,0,4,1,1,1,0,10,3,13,26
6800,51,b,,3,cone,TRUE,NA,27,NA,na,0,2,0,0,27,"2,24",FALSE,dock,FALSE,5,cobleigh,good robot,3,2,2,3,5,1,0,0,0,0,1,1,2,1,1,2,12,12,24,42.667
4328,52,b,,2,cone,TRUE,NA,22,NA,na,0,0,0,0,22,NA,FALSE,dock,FALSE,2,cobleigh,did very little. not impactful,2,2,2,2,4,0,0,0,0,0,1,1,1,1,1,1,5,6,11,62.5
8769,47,b,,1,NA,TRUE,NA,NA,NA,na,0,1,0,0,NA,21,FALSE,engage,FALSE,3,ha,slow,2,2,2,2,4,0,0,0,0,0,0,1,1,1,1,1,5,6,11,66.7
4734,48,b,,3,cone,TRUE,NA,NA,27,na,0,2,0,1,NA,"27,25",FALSE,engage,FALSE,3,taylor mackey,"cube got stuck on top of their arm, coulnt get it out",3,2,2,3,5,0,0,0,0,0,1,1,2,1,1,2,10,12,22,41.667
9289,50,b,,1,cube,FALSE,NA,NA,NA,na,1,0,0,0,20,19,FALSE,na,FALSE,2,gabri,just drove around,2,2,2,2,4,0,0,0,0,0,0,1,1,1,1,2,10,12,22,67.5
3676,51,b,,1,NA,FALSE,NA,NA,NA,na,0,0,0,0,NA,NA,FALSE,na,FALSE,1,gabri,no show,2,2,2,2,4,0,0,0,0,0,0,1,1,1,1,0,0,0,0,67.5
8769,52,b,,3,cube,TRUE,NA,NA,NA,na,0,0,0,0,NA,NA,FALSE,na,FALSE,2,gabri,just drove around with preloaded cube. maybe a malfunction,2,2,2,2,4,0,0,0,0,0,0,1,1,1,1,0,0,0,0,67.5
8088,50,r,,1,cone,FALSE,NA,9,NA,na,0,2,0,1,"9,6,7,15",8,FALSE,fail,FALSE,4,harold,pretty good intake. pretty consistent with scoring. tipped over trying to balance. ,5,2,5,2,7,4,1,0,1,0,0,4,1,1,1,0,11,3,14,27
4734,52,r,,1,cone,FALSE,NA,27,NA,na,0,0,0,0,27,"2,17",FALSE,engage,FALSE,4,harold,"had an interesting intake / arm that is an elevator but also extends horizontally. however, they were a bit slow on scoring. was briefly browning out at some moments during the match. could climb pretty well. ",3,2,2,3,5,1,1,0,0,0,1,1,2,1,1,1,10,6,16,43.5
2714,51,r,,2,cube,FALSE,NA,NA,5,engage,0,1,0,3,"9,7,6","5,8",FALSE,engage,FALSE,4,harold,very good at scoring cones. was only intaking from the shelf. climbed very well too. ,5,2,4,3,7,5,0,0,1,0,0,3,2,1,1,0,10,3,13,26.6
8408,53,r,,2,cube,FALSE,NA,NA,23,na,0,0,0,0,NA,23,FALSE,na,FALSE,1,harold,practically did nothing beyond auton. merely stayed in the community aimlessly wandering. ,2,2,2,2,4,0,0,0,0,0,1,1,1,1,1,1,5,6,11,67.5
6180,50,r,,2,NA,TRUE,NA,NA,NA,na,0,2,0,0,"21,23",NA,FALSE,fail,FALSE,2,novinski,fell over at the end,3,2,3,2,5,0,0,0,0,0,0,2,1,1,1,2,10,12,22,45
9054,51,r,,1,cube,TRUE,NA,NA,27,na,0,0,0,0,NA,27,FALSE,na,FALSE,4,brittian,decent defense,2,2,2,2,4,0,0,0,0,0,1,1,1,1,1,1,5,6,11,67.5
3735,52,r,,2,cube,FALSE,NA,NA,NA,na,0,0,0,0,NA,25,FALSE,na,FALSE,2,brittian,very weird. alternated between freezing in the middle of the field and bursts of speed in random directions. spent 15 seconds on the opponents charge station but no one did anything about it lol,2,2,2,2,4,0,0,0,0,0,0,1,1,1,1,1,5,6,11,67.5
2848,53,r,,1,cube,TRUE,NA,NA,8,na,0,4,0,1,NA,"8,17,26,14",FALSE,engage,FALSE,3,brittian,surprisingly normal game for once. ONly scored cubes but possibly a good third???,5,2,2,5,7,1,2,0,1,0,0,1,4,1,1,1,13,9,22,26
5866,50,r,,3,cube,FALSE,NA,NA,NA,na,0,1,0,0,NA,"8,5",FALSE,dock,FALSE,2,Ha," almost fell over on charge station. slow tedious intake, decent score tho. ",3,2,2,3,5,2,0,0,0,0,0,1,2,1,1,0,4,0,4,42.467
5503,51,r,,3,cube,FALSE,NA,NA,26,na,0,0,0,0,NA,26,FALSE,engage,FALSE,1,Ha,pancake. played defense against 624 and 6800,2,2,2,2,4,0,0,0,0,0,1,1,1,1,1,1,5,6,11,64.8
7540,52,r,,3,cone,TRUE,NA,NA,NA,na,0,1,0,0,27,NA,FALSE,engage,FALSE,2,Ha,"Very tippy. Slow, intake requires too much precision. balance is decent. ",2,2,2,2,4,0,0,0,0,0,0,1,1,1,1,1,5,6,11,63.15
4610,53,r,,3,cone,TRUE,NA,NA,NA,na,0,2,1,0,"16,18,15","17,14,20",FALSE,engage,FALSE,2,Ha,tippy. moves and scores somewhat consistently. ,6,2,4,4,8,0,5,0,0,0,0,3,3,1,1,1,20,6,26,21.817
4717,53,b,,3,cube,FALSE,NA,NA,27,na,0,0,1,0,NA,"27,26,20",FALSE,na,FALSE,4,novinski,"solid low scorer with a good driver, hit a cube in last second after realizing he couldn't get onto the charge station",4,2,2,4,6,0,0,0,0,0,1,1,3,1,1,3,15,18,33,33.75
3545,54,b,,1,NA,FALSE,NA,NA,NA,na,0,0,0,0,NA,27,FALSE,na,FALSE,1,novinski,didn't know what they were doing,2,2,2,2,4,0,0,0,0,0,0,1,1,1,1,1,5,6,11,67.5
1164,55,b,,2,NA,FALSE,NA,NA,NA,engage,0,0,0,0,NA,NA,FALSE,na,FALSE,1,novinski,intake was broken and did nothing but stand around,2,2,2,2,4,0,0,0,0,0,0,1,1,1,1,0,0,0,0,67.5
7119,56,b,,2,cube,FALSE,NA,NA,NA,na,0,0,0,0,NA,23,FALSE,engage,FALSE,1,novinski,can't intake? driver doesn't know what to do,2,2,2,2,4,0,0,0,0,0,0,1,1,1,1,1,5,6,11,66.6
4328,53,b,,2,cone,TRUE,NA,22,NA,na,0,0,0,0,22,NA,FALSE,dock,FALSE,2,cobleigh,did very little. not impactful,2,2,2,2,4,0,0,0,0,0,1,1,1,1,1,1,5,6,11,62.5
9128,54,b,,2,cone,FALSE,NA,NA,NA,engage,0,2,0,1,"21,4,24",5,FALSE,dock,FALSE,3,cobleigh,interesting intake. took a while to get going after auton,4,2,4,2,6,2,0,0,0,0,0,3,1,1,1,2,14,12,26,31.75
2950,55,b,,1,cube,FALSE,NA,NA,NA,na,0,0,0,0,NA,19,FALSE,na,FALSE,1,cobleigh,pushes to score. did not make an impact,2,2,2,2,4,0,0,0,0,0,0,1,1,1,1,1,5,6,11,67.5
5503,56,b,,3,cube,TRUE,NA,NA,25,na,0,0,0,0,"23,27","25,24",FALSE,dock,FALSE,4,cobleigh,pushes pretty effectively. no intake.,4,2,3,3,6,0,0,0,0,0,1,2,2,1,1,4,20,24,44,28.75
3735,57,b,,1,cube,FALSE,NA,NA,19,na,0,1,0,0,NA,"19,21",FALSE,na,FALSE,3,novinski,Intake has trouble with cubes not against a wall,3,2,2,3,5,0,0,0,0,0,1,1,2,1,1,2,10,12,22,45
8556,58,b,,1,cube,FALSE,NA,NA,19,na,0,0,0,0,NA,19,FALSE,na,FALSE,1,novinski,can't intake or play defense or dribble at least they have an auton,2,2,2,2,4,0,0,0,0,0,1,1,1,1,1,1,5,6,11,67.5
8408,59,b,,2,cube,FALSE,NA,NA,NA,na,1,0,0,0,NA,24,FALSE,engage,FALSE,2,novinski,"can't intake, only dribbling and not good at it, very tippy, crushed a cube?, just stood there",2,2,2,2,4,0,0,0,0,0,0,1,1,1,1,1,5,6,11,66.3
624,61,b,,2,cube,FALSE,NA,NA,5,engage,0,0,3,0,22,"5,14",FALSE,engage,FALSE,4,novinski,Kryptonite is good but theire scoring is janky and failed,3,2,2,3,5,1,1,0,1,0,0,1,2,1,1,1,10,9,19,43.533
5052,57,b,,3,cube,TRUE,NA,NA,26,na,0,0,0,0,NA,26,FALSE,dock,FALSE,2,cobleigh,played some defense. otherwise did not do much,2,2,2,2,4,0,0,0,0,0,1,1,1,1,1,1,5,6,11,64.5
6672,58,b,,2,cone,FALSE,NA,6,NA,dock,0,3,3,1,"6,4,3","5,8,2,25,23",FALSE,dock,FALSE,4,cobleigh,good consistent scoring this game. ,8,2,4,6,10,6,0,0,1,0,0,3,5,1,1,2,22,15,37,16.25
2950,59,b,,1,cone,FALSE,NA,NA,NA,na,0,0,0,0,NA,NA,FALSE,na,FALSE,1,Perumandla,stayed in the community doing nothing for half the time and played very ineffective D in the last half and didnt park,2,2,2,2,4,0,0,0,0,0,0,1,1,1,1,0,0,0,0,67.5
6377,60,b,,2,cone,FALSE,NA,23,NA,engage,0,1,5,0,"23,15,13","14,24,22",FALSE,engage,FALSE,4,Perumandla,"pretty good intake, did mess up and put a piece in a place that was already scored but overall very good at cycling",6,2,4,4,8,0,3,0,0,0,1,3,3,1,1,3,24,18,42,20.333
1164,61,b,,3,NA,FALSE,NA,NA,NA,na,0,0,0,1,NA,NA,FALSE,engage,FALSE,1,Perumandla,Really did not do anything,2,2,2,2,4,0,0,0,0,0,0,1,1,1,1,0,0,0,0,56.5
2789,53,b,,2,cube,FALSE,NA,NA,23,na,0,2,0,0,NA,"23,27,22",FALSE,engage,FALSE,2,gabri,"pushed cubes in, did a good balance",4,2,2,4,6,0,0,0,0,0,1,1,3,1,1,3,15,18,33,30.6
8556,54,b,,3,cube,TRUE,NA,NA,26,na,0,0,0,0,NA,26,FALSE,engage,FALSE,3,gabri,nothing remarkable,2,2,2,2,4,0,0,0,0,0,1,1,1,1,1,1,5,6,11,66.35
3743,55,b,,3,NA,TRUE,NA,NA,NA,na,0,2,0,0,NA,"19,20",FALSE,na,FALSE,4,gabri,"no intake, drove around rlly fast and pushed cubes in? good defense",3,2,2,3,5,0,0,0,0,0,0,1,2,1,1,2,10,12,22,45
3676,56,b,,1,cube,FALSE,NA,NA,NA,na,0,1,0,0,NA,"19,21",FALSE,engage,FALSE,3,gabri,"TRIPLE BALANCE, pushed cubes in",3,2,2,3,5,0,0,0,0,0,0,1,2,1,1,2,10,12,22,43.967
6180,57,b,,2,NA,FALSE,NA,NA,NA,dock,0,2,0,0,NA,"26,20",FALSE,engage,FALSE,3,gabri,"didnt use the intake, just pushed cubes in to hybrid nodes, tried to manuever around bots but got bogged down",3,2,2,3,5,0,0,0,0,0,0,1,2,1,1,2,10,12,22,42.067
7540,58,b,,3,cone,TRUE,NA,27,NA,na,2,2,0,0,27,"19,20,21,11",FALSE,engage,FALSE,4,gabri,"accurate with putting cubes in mid and hybrid, great complement to 6672",5,2,2,5,7,0,1,0,0,0,1,1,4,1,1,4,23,24,47,26.4
7091,59,b,,3,cube,FALSE,NA,NA,NA,na,0,4,0,0,NA,"27,22,21",TRUE,engage,FALSE,4,gabri,"was driving over the entire field, pushed cubes in at hybrid, could be a good defense bot due to driver capabilities.",4,2,2,4,6,0,0,0,0,0,0,1,3,1,1,3,15,18,33,31.95
4328,60,b,,1,NA,TRUE,NA,NA,NA,na,0,1,0,0,21,NA,FALSE,na,FALSE,2,gabri,tried to pick up a cone for 60 seconds and ended up just pushing it in. not efficient,2,2,2,2,4,0,0,0,0,0,0,1,1,1,1,1,5,6,11,67.5
3847,61,b,,1,cube,TRUE,1,NA,"2,20",na,0,3,1,1,"10,3,4,22","2,20",FALSE,na,FALSE,4,gabri,"struggled to get a cone on mid for 17sec, time delays caused the loss",6,3,5,4,9,3,1,0,1,0,1,4,2,1,2,2,19,15,34,22.5
3035,54,r,,1,cone,TRUE,NA,10,NA,na,0,2,2,1,"10,18,16",26,FALSE,engage,FALSE,3,harold,has a pretty good elevator intake. dropped a few cargos. climbed pretty well. ,4,2,4,2,6,0,3,0,0,1,0,3,1,1,1,1,14,10,24,33
7091,55,r,,2,cube,FALSE,NA,NA,NA,na,0,0,0,0,27,"21,22,25",FALSE,engage,FALSE,4,harold,pretty good soccerballing. some good defense too. climbed well as well. ,4,2,2,4,6,0,0,0,0,0,0,1,3,1,1,4,20,24,44,32.5
2158,56,r,,3,cone,TRUE,NA,NA,NA,engage,0,2,0,0,"6,9,24,7",17,FALSE,engage,FALSE,4,harold,"can score high pretty well. made the climb, but one of the other bots did not make it.",5,2,5,2,7,3,1,0,0,0,0,4,1,1,1,1,14,6,20,26.2
8088,57,r,,3,cone,TRUE,NA,1,NA,na,0,0,0,1,"1,7",NA,FALSE,engage,FALSE,3,soo,slow tank drive and slow arm. pincer-style claw intake which doesn't seem to be able to pick up tipped-over cones. only took from the shelf.,3,2,3,2,5,2,0,0,1,0,0,2,1,1,1,0,4,3,7,43.3
2848,58,r,,3,cube,TRUE,NA,NA,2,na,1,1,0,2,NA,"2,24,8,17,14",FALSE,engage,FALSE,2,soo,"avoided cones and instead pursued cubes. tank drive moves moderately fast, but very slow and tedious when adjusting left/right position to place cubes on shelves ",6,2,2,6,8,2,2,0,1,0,0,1,5,1,1,1,15,9,24,21.2
9311,59,r,,3,cube,TRUE,NA,NA,NA,na,0,3,0,0,NA,"11,19,14",FALSE,engage,FALSE,2,soo,"rather slow tank drive, only picked up cubes with clamp-style arm pickup. needed a run up to get on to the charge station as it otherwise did not have enough momentum.",4,2,2,4,6,0,2,0,0,0,0,1,3,1,1,1,11,6,17,32.775
9054,60,r,,2,cube,TRUE,NA,NA,22,na,0,0,0,0,NA,22,TRUE,na,FALSE,2,soo,"attempted to play defense, but mostly wandered around field aimlessly.",2,2,2,2,4,0,0,0,0,0,1,1,1,1,1,1,5,6,11,67.5
7088,61,r,,2,cube,FALSE,NA,NA,NA,na,0,0,0,0,NA,NA,FALSE,fail,FALSE,2,soo,"very tall bot, high center of gravity leads to tipping even at low speeds, did not attempt to use the intake assembly",2,2,2,2,4,0,0,0,0,0,0,1,1,1,1,0,0,0,0,67.5
3847,54,r,,1,cube,TRUE,NA,NA,17,na,0,3,1,0,NA,"17,27,23",FALSE,na,FALSE,4,brittian,hard time getting good cone positioning this round and the cube shooter was a little off,4,2,2,4,6,0,1,0,0,1,0,1,3,1,1,2,13,16,29,33.75
1477,55,r,,2,cube,FALSE,NA,NA,8,na,0,4,0,0,"6,4","8,5,11",FALSE,na,FALSE,4,brittian,"solid bot, enough said",5,2,3,4,7,4,1,0,1,0,0,2,3,1,1,0,11,3,14,27
9289,56,r,,1,cube,FALSE,NA,NA,NA,na,0,0,0,0,NA,27,FALSE,na,FALSE,1,brittian,"did nothing for most of the game, just kinda drove around randomly",2,2,2,2,4,0,0,0,0,0,0,1,1,1,1,1,5,6,11,67.5
7125,57,r,,2,cube,FALSE,NA,NA,NA,na,0,0,0,0,NA,23,TRUE,na,FALSE,3,brittian,pretty good shuttling. not super fast tho,2,2,2,2,4,0,0,0,0,0,0,1,1,1,1,1,5,6,11,67.5
3029,58,r,,1,cube,FALSE,NA,NA,NA,na,0,0,0,0,NA,NA,TRUE,na,FALSE,3,brittian,solid shuttling,2,2,2,2,4,0,0,0,0,0,0,1,1,1,1,0,0,0,0,67.5
2881,59,r,,2,cone,FALSE,NA,6,NA,dock,0,0,0,4,"6,12,10,13,24",NA,FALSE,engage,FALSE,4,harold,"only intaked from the shelf. did cones only. i think they can only do cones, but not fully sure. ",6,2,6,2,8,1,3,0,1,0,0,5,1,1,1,1,16,9,25,22.167
4734,60,r,,3,cone,TRUE,NA,19,NA,na,0,1,2,0,20,19,FALSE,fail,FALSE,3,harold,"browned out on the charge station, which was a big disadvantage to its alliance. ",2,2,2,2,4,0,0,0,0,0,1,1,1,1,1,2,10,12,22,67.5
6800,61,r,,1,cone,TRUE,NA,9,NA,engage,0,2,3,0,"9,7,4,6","8,5",FALSE,na,FALSE,5,harold,"browned out at the end. could not climb. otherwise, picked up and placed cargo very smoothly and well.",6,2,5,3,8,6,0,0,1,0,0,4,2,1,1,0,12,3,15,22.5
6377,54,r,,2,cone,FALSE,NA,23,NA,engage,1,0,4,0,"23,16,15","26,17,25,20",FALSE,engage,FALSE,4,Ha,"fast consistent. maneuverable, undefended. good balnce. ",7,2,4,5,9,0,3,0,0,0,1,3,4,1,1,4,29,24,53,18.786
9311,55,r,,1,cube,FALSE,NA,NA,NA,na,0,0,1,0,NA,27,FALSE,engage,FALSE,2,Ha,"blocked 1477 from getting on te charge station. slow, unwieldy, tippable. ",2,2,2,2,4,0,0,0,0,0,0,1,1,1,1,1,5,6,11,61.2
4295,56,r,,2,NA,TRUE,NA,NA,NA,fail,0,0,0,0,NA,NA,FALSE,engage,FALSE,1,Ha,pancake. failed to defend against another pancake. ,2,2,2,2,4,0,0,0,0,0,0,1,1,1,1,0,0,0,0,58.95
4610,57,r,,1,cube,TRUE,NA,NA,NA,na,0,5,1,0,NA,"8,14,5,2,11",FALSE,engage,FALSE,3,Ha,consistent scorer. Prefers cubes. somewhat able to evade. decent balancer. ,6,2,2,6,8,3,2,0,0,0,0,1,5,1,1,0,12,0,12,21.733
2714,58,r,,2,cube,FALSE,NA,NA,5,engage,0,0,0,4,"9,7,6",5,FALSE,engage,FALSE,4,Ha,"Good intake, but requires some precision. good manueverability, but got  defended well by 5886. good climb. ",4,2,4,2,6,4,0,0,1,0,0,3,1,1,1,0,8,3,11,32.35
4717,59,r,,1,cube,FALSE,NA,NA,19,na,0,2,0,0,NA,"19,20",FALSE,na,FALSE,2,Ha,pancake with parts sticking out. no defense. pushed a few in. no climb. ,3,2,2,3,5,0,0,0,0,0,1,1,2,1,1,2,10,12,22,45
5866,60,r,,1,cube,FALSE,NA,NA,NA,na,0,2,0,0,18,2,FALSE,fail,FALSE,3,Ha,"tried to push partner up, ended up locking themselves out of the charge station. stayed on their half of the field. very tippy. ",2,2,2,2,4,1,1,0,0,0,0,1,1,1,1,0,5,0,5,61.05
3035,61,r,,3,cone,TRUE,NA,18,NA,na,0,1,6,0,"18,16,24,15",23,FALSE,fail,FALSE,4,Ha,good intake but requires some precision as it takes from shelf. piece security is not the best. climb ability is decent. undefended. ,5,2,5,2,7,0,3,0,0,1,0,4,1,1,1,2,19,16,35,25.22
